case,relation,origin,model,u,S,h
worked example (step 1),AUT|H0_080110,2019,L02,1,0.93313,0.06687
worked example (step 1),AUT|H0_080110,2019,L02,2,0.8969,0.03883
worked example (step 1),AUT|H0_080110,2019,L02,3,0.8628,0.03801
worked example (step 1),AUT|H0_080110,2019,L02,4,0.83511,0.0321
worked example (step 1),AUT|H0_080110,2019,L02,5,0.81102,0.02885
worked example (step 1),AUT|H0_080110,2019,L05,1,0.93142,0.06858
worked example (step 1),AUT|H0_080110,2019,L05,2,0.8881,0.04651
worked example (step 1),AUT|H0_080110,2019,L05,3,0.84874,0.04432
worked example (step 1),AUT|H0_080110,2019,L05,4,0.8212,0.03244
worked example (step 1),AUT|H0_080110,2019,L05,5,0.79178,0.03583
worked example (step 1),AUT|H0_080110,2019,L07,1,0.94122,0.05878
worked example (step 1),AUT|H0_080110,2019,L07,2,0.9069,0.03647
worked example (step 1),AUT|H0_080110,2019,L07,3,0.87334,0.037
worked example (step 1),AUT|H0_080110,2019,L07,4,0.84524,0.03217
worked example (step 1),AUT|H0_080110,2019,L07,5,0.82039,0.02941
worked example (step 1),AUT|H0_080110,2019,L08,1,0.9364,0.0636
worked example (step 1),AUT|H0_080110,2019,L08,2,0.8958,0.04336
worked example (step 1),AUT|H0_080110,2019,L08,3,0.85372,0.04698
worked example (step 1),AUT|H0_080110,2019,L08,4,0.81766,0.04224
worked example (step 1),AUT|H0_080110,2019,L08,5,0.786,0.03871
worked example (step 1),AUT|H0_080110,2019,L09,1,0.94437,0.05563
worked example (step 1),AUT|H0_080110,2019,L09,2,0.91039,0.03598
worked example (step 1),AUT|H0_080110,2019,L09,3,0.87886,0.03463
worked example (step 1),AUT|H0_080110,2019,L09,4,0.85043,0.03235
worked example (step 1),AUT|H0_080110,2019,L09,5,0.82251,0.03283
high risk (10th pct of S(3)),BGR|H0_741110,2019,L02,1,0.77821,0.22179
high risk (10th pct of S(3)),BGR|H0_741110,2019,L02,2,0.6742,0.13366
high risk (10th pct of S(3)),BGR|H0_741110,2019,L02,3,0.58588,0.131
high risk (10th pct of S(3)),BGR|H0_741110,2019,L02,4,0.52057,0.11148
high risk (10th pct of S(3)),BGR|H0_741110,2019,L02,5,0.46818,0.10063
high risk (10th pct of S(3)),BGR|H0_741110,2019,L05,1,0.63924,0.36076
high risk (10th pct of S(3)),BGR|H0_741110,2019,L05,2,0.53544,0.16238
high risk (10th pct of S(3)),BGR|H0_741110,2019,L05,3,0.4361,0.18554
high risk (10th pct of S(3)),BGR|H0_741110,2019,L05,4,0.38023,0.12811
high risk (10th pct of S(3)),BGR|H0_741110,2019,L05,5,0.32822,0.1368
high risk (10th pct of S(3)),BGR|H0_741110,2019,L07,1,0.73886,0.26114
high risk (10th pct of S(3)),BGR|H0_741110,2019,L07,2,0.61402,0.16897
high risk (10th pct of S(3)),BGR|H0_741110,2019,L07,3,0.50905,0.17094
high risk (10th pct of S(3)),BGR|H0_741110,2019,L07,4,0.43278,0.14983
high risk (10th pct of S(3)),BGR|H0_741110,2019,L07,5,0.37329,0.13748
high risk (10th pct of S(3)),BGR|H0_741110,2019,L08,1,0.68286,0.31714
high risk (10th pct of S(3)),BGR|H0_741110,2019,L08,2,0.55549,0.18653
high risk (10th pct of S(3)),BGR|H0_741110,2019,L08,3,0.45858,0.17445
high risk (10th pct of S(3)),BGR|H0_741110,2019,L08,4,0.39418,0.14044
high risk (10th pct of S(3)),BGR|H0_741110,2019,L08,5,0.34649,0.12098
high risk (10th pct of S(3)),BGR|H0_741110,2019,L09,1,0.62195,0.37805
high risk (10th pct of S(3)),BGR|H0_741110,2019,L09,2,0.51708,0.16861
high risk (10th pct of S(3)),BGR|H0_741110,2019,L09,3,0.43524,0.15827
high risk (10th pct of S(3)),BGR|H0_741110,2019,L09,4,0.38254,0.12108
high risk (10th pct of S(3)),BGR|H0_741110,2019,L09,5,0.34154,0.10719
median risk,ESP|H0_821210,2019,L02,1,0.93502,0.06498
median risk,ESP|H0_821210,2019,L02,2,0.89976,0.03771
median risk,ESP|H0_821210,2019,L02,3,0.86654,0.03692
median risk,ESP|H0_821210,2019,L02,4,0.83952,0.03117
median risk,ESP|H0_821210,2019,L02,5,0.816,0.02802
median risk,ESP|H0_821210,2019,L05,1,0.93733,0.06267
median risk,ESP|H0_821210,2019,L05,2,0.88843,0.05217
median risk,ESP|H0_821210,2019,L05,3,0.84741,0.04617
median risk,ESP|H0_821210,2019,L05,4,0.8097,0.0445
median risk,ESP|H0_821210,2019,L05,5,0.76914,0.05009
median risk,ESP|H0_821210,2019,L07,1,0.96676,0.03324
median risk,ESP|H0_821210,2019,L07,2,0.94693,0.02052
median risk,ESP|H0_821210,2019,L07,3,0.92721,0.02082
median risk,ESP|H0_821210,2019,L07,4,0.91044,0.01809
median risk,ESP|H0_821210,2019,L07,5,0.8954,0.01652
median risk,ESP|H0_821210,2019,L08,1,0.97297,0.02703
median risk,ESP|H0_821210,2019,L08,2,0.95535,0.01811
median risk,ESP|H0_821210,2019,L08,3,0.93684,0.01937
median risk,ESP|H0_821210,2019,L08,4,0.92062,0.01731
median risk,ESP|H0_821210,2019,L08,5,0.90541,0.01652
median risk,ESP|H0_821210,2019,L09,1,0.9671,0.0329
median risk,ESP|H0_821210,2019,L09,2,0.94334,0.02457
median risk,ESP|H0_821210,2019,L09,3,0.9218,0.02284
median risk,ESP|H0_821210,2019,L09,4,0.90339,0.01997
median risk,ESP|H0_821210,2019,L09,5,0.88487,0.02049
low risk (90th pct of S(3)),ESP|H0_847110,2019,L02,1,0.99894,0.00106
low risk (90th pct of S(3)),ESP|H0_847110,2019,L02,2,0.99834,0.00061
low risk (90th pct of S(3)),ESP|H0_847110,2019,L02,3,0.99774,0.00059
low risk (90th pct of S(3)),ESP|H0_847110,2019,L02,4,0.99724,0.0005
low risk (90th pct of S(3)),ESP|H0_847110,2019,L02,5,0.9968,0.00045
low risk (90th pct of S(3)),ESP|H0_847110,2019,L05,1,0.9864,0.0136
low risk (90th pct of S(3)),ESP|H0_847110,2019,L05,2,0.97417,0.01239
low risk (90th pct of S(3)),ESP|H0_847110,2019,L05,3,0.96156,0.01295
low risk (90th pct of S(3)),ESP|H0_847110,2019,L05,4,0.94969,0.01234
low risk (90th pct of S(3)),ESP|H0_847110,2019,L05,5,0.94094,0.00921
low risk (90th pct of S(3)),ESP|H0_847110,2019,L07,1,0.99991,9e-05
low risk (90th pct of S(3)),ESP|H0_847110,2019,L07,2,0.99986,5e-05
low risk (90th pct of S(3)),ESP|H0_847110,2019,L07,3,0.9998,5e-05
low risk (90th pct of S(3)),ESP|H0_847110,2019,L07,4,0.99976,5e-05
low risk (90th pct of S(3)),ESP|H0_847110,2019,L07,5,0.99971,4e-05
low risk (90th pct of S(3)),ESP|H0_847110,2019,L08,1,0.99991,9e-05
low risk (90th pct of S(3)),ESP|H0_847110,2019,L08,2,0.99985,6e-05
low risk (90th pct of S(3)),ESP|H0_847110,2019,L08,3,0.99978,7e-05
low risk (90th pct of S(3)),ESP|H0_847110,2019,L08,4,0.99971,7e-05
low risk (90th pct of S(3)),ESP|H0_847110,2019,L08,5,0.99964,7e-05
low risk (90th pct of S(3)),ESP|H0_847110,2019,L09,1,0.99616,0.00384
low risk (90th pct of S(3)),ESP|H0_847110,2019,L09,2,0.9956,0.00056
low risk (90th pct of S(3)),ESP|H0_847110,2019,L09,3,0.99488,0.00072
low risk (90th pct of S(3)),ESP|H0_847110,2019,L09,4,0.99361,0.00128
low risk (90th pct of S(3)),ESP|H0_847110,2019,L09,5,0.99194,0.00168
