fold,model,age,mean_pred,n
F1,D00,1,0.42909,
F1,D00,2,0.20893,
F1,D00,3,0.17162,
F1,D00,4,0.0966,
F1,D00,5,0.07816,
F1,D00,6,0.05635,
F1,D00,7,0.0522,
F1,D00,8,0.0461,
F1,D00,9,0.034,
F1,D00,10,0.02348,
F1,D01,1,0.38469,
F1,D01,2,0.19023,
F1,D01,3,0.15301,
F1,D01,4,0.11051,
F1,D01,5,0.08954,
F1,D01,6,0.07626,
F1,D01,7,0.06617,
F1,D01,8,0.06413,
F1,D01,9,0.05447,
F1,D01,10,0.02354,
F1,D04,1,0.38061,
F1,D04,2,0.18876,
F1,D04,3,0.15334,
F1,D04,4,0.10774,
F1,D04,5,0.08721,
F1,D04,6,0.07457,
F1,D04,7,0.06422,
F1,D04,8,0.0633,
F1,D04,9,0.05331,
F1,D04,10,0.02003,
F1,D05,1,0.38369,
F1,D05,2,0.1793,
F1,D05,3,0.15192,
F1,D05,4,0.09962,
F1,D05,5,0.08043,
F1,D05,6,0.07012,
F1,D05,7,0.05103,
F1,D05,8,0.05105,
F1,D05,9,0.05059,
F1,D05,10,0.01821,
F1,D06,1,0.39065,
F1,D06,2,0.18342,
F1,D06,3,0.13976,
F1,D06,4,0.10669,
F1,D06,5,0.08584,
F1,D06,6,0.0779,
F1,D06,7,0.05179,
F1,D06,8,0.05335,
F1,D06,9,0.04848,
F1,D06,10,0.01893,
F1,observed,1,0.41751,1782.0
F1,observed,2,0.20757,925.0
F1,observed,3,0.14839,903.0
F1,observed,4,0.11802,627.0
F1,observed,5,0.10517,580.0
F1,observed,6,0.06055,512.0
F1,observed,7,0.04367,458.0
F1,observed,8,0.04454,449.0
F1,observed,9,0.04043,371.0
F1,observed,10,0.01677,4829.0
F2,D00,1,0.4242,
F2,D00,2,0.20899,
F2,D00,3,0.16863,
F2,D00,4,0.09799,
F2,D00,5,0.08013,
F2,D00,6,0.0576,
F2,D00,7,0.05137,
F2,D00,8,0.04583,
F2,D00,9,0.034,
F2,D00,10,0.02205,
F2,D01,1,0.37533,
F2,D01,2,0.195,
F2,D01,3,0.15655,
F2,D01,4,0.1074,
F2,D01,5,0.09981,
F2,D01,6,0.06542,
F2,D01,7,0.07644,
F2,D01,8,0.06058,
F2,D01,9,0.04947,
F2,D01,10,0.02215,
F2,D04,1,0.36821,
F2,D04,2,0.19133,
F2,D04,3,0.15395,
F2,D04,4,0.10678,
F2,D04,5,0.09767,
F2,D04,6,0.06461,
F2,D04,7,0.07482,
F2,D04,8,0.05963,
F2,D04,9,0.04811,
F2,D04,10,0.01939,
F2,D05,1,0.36853,
F2,D05,2,0.17937,
F2,D05,3,0.1533,
F2,D05,4,0.09885,
F2,D05,5,0.08474,
F2,D05,6,0.05605,
F2,D05,7,0.0603,
F2,D05,8,0.04361,
F2,D05,9,0.04238,
F2,D05,10,0.01821,
F2,D06,1,0.37166,
F2,D06,2,0.18202,
F2,D06,3,0.14301,
F2,D06,4,0.10596,
F2,D06,5,0.09625,
F2,D06,6,0.06676,
F2,D06,7,0.0696,
F2,D06,8,0.05064,
F2,D06,9,0.04797,
F2,D06,10,0.02006,
F2,observed,1,0.34078,1790.0
F2,observed,2,0.19042,835.0
F2,observed,3,0.15024,832.0
F2,observed,4,0.07827,741.0
F2,observed,5,0.0772,557.0
F2,observed,6,0.0578,519.0
F2,observed,7,0.04393,478.0
F2,observed,8,0.05467,439.0
F2,observed,9,0.02797,429.0
F2,observed,10,0.01612,5086.0
F3,D00,1,0.42347,
F3,D00,2,0.21072,
F3,D00,3,0.16789,
F3,D00,4,0.09887,
F3,D00,5,0.08155,
F3,D00,6,0.05782,
F3,D00,7,0.05236,
F3,D00,8,0.04606,
F3,D00,9,0.03688,
F3,D00,10,0.02171,
F3,D01,1,0.37554,
F3,D01,2,0.19234,
F3,D01,3,0.1608,
F3,D01,4,0.10946,
F3,D01,5,0.09632,
F3,D01,6,0.07596,
F3,D01,7,0.06129,
F3,D01,8,0.0661,
F3,D01,9,0.04956,
F3,D01,10,0.02166,
F3,D04,1,0.3664,
F3,D04,2,0.18953,
F3,D04,3,0.15893,
F3,D04,4,0.10883,
F3,D04,5,0.09387,
F3,D04,6,0.07674,
F3,D04,7,0.06078,
F3,D04,8,0.06475,
F3,D04,9,0.04826,
F3,D04,10,0.02039,
F3,D05,1,0.36447,
F3,D05,2,0.17272,
F3,D05,3,0.15508,
F3,D05,4,0.10446,
F3,D05,5,0.08942,
F3,D05,6,0.06827,
F3,D05,7,0.05204,
F3,D05,8,0.0512,
F3,D05,9,0.03645,
F3,D05,10,0.01758,
F3,D06,1,0.37935,
F3,D06,2,0.17964,
F3,D06,3,0.1452,
F3,D06,4,0.10483,
F3,D06,5,0.09005,
F3,D06,6,0.07352,
F3,D06,7,0.05466,
F3,D06,8,0.0565,
F3,D06,9,0.03909,
F3,D06,10,0.01866,
F3,observed,1,0.35481,2297.0
F3,observed,2,0.17864,974.0
F3,observed,3,0.16117,819.0
F3,observed,4,0.12011,716.0
F3,observed,5,0.09863,730.0
F3,observed,6,0.06654,526.0
F3,observed,7,0.04743,506.0
F3,observed,8,0.04555,461.0
F3,observed,9,0.03103,419.0
F3,observed,10,0.01354,5464.0
