model,name,fset,F1,F2,F3,mean,skill_mean,rank_by_fold
L09,DeepHit,S6,0.09448,0.08778,0.09316,0.09181,0.29805,1 / 2 / 1
L09,DeepHit,S4,0.09472,0.08761,0.09428,0.0922,0.29501,2 / 1 / 2
L05,RSF,S6,0.09479,0.08849,0.09441,0.09256,0.29227,3 / 5 / 3
L05,RSF,S4,0.09484,0.08848,0.09447,0.0926,0.29199,4 / 4 / 4
L07,DeepSurv,S6,0.09585,0.08835,0.09575,0.09332,0.2865,5 / 3 / 8
L07,DeepSurv,S4,0.09657,0.08879,0.09537,0.09358,0.28451,6 / 6 / 5
L08,CoxTime,S6,0.09693,0.08903,0.09571,0.09389,0.28211,7 / 8 / 7
L02,CoxNet,S6,0.09791,0.089,0.09555,0.09415,0.2801,9 / 7 / 6
L08,CoxTime,S4,0.09755,0.0894,0.09662,0.09452,0.2773,8 / 9 / 9
L02,CoxNet,S4,0.09909,0.08969,0.09712,0.0953,0.27135,10 / 10 / 10
L07,DeepSurv,S1,0.10007,0.09353,0.10045,0.09802,0.25055,11 / 11 / 11
L08,CoxTime,S1,0.10033,0.09369,0.10071,0.09824,0.24884,14 / 12 / 12
L02,CoxNet,S1,0.10099,0.0937,0.10088,0.09852,0.24669,15 / 13 / 14
L09,DeepHit,S1,0.10023,0.0953,0.10072,0.09875,0.24496,13 / 15 / 13
L05,RSF,S1,0.10021,0.09513,0.10115,0.09883,0.24434,12 / 14 / 15
L00,Kaplan–Meier,REF,0.13566,0.12354,0.13317,0.13079,0.0,16 / 16 / 16
