iso3,year,tariff_reporter
AUT,2002,EUN
AUT,2003,EUN
AUT,2004,EUN
AUT,2005,EUN
AUT,2006,EUN
AUT,2007,EUN
AUT,2008,EUN
AUT,2009,EUN
AUT,2010,EUN
AUT,2011,EUN
AUT,2012,EUN
AUT,2013,EUN
AUT,2014,EUN
AUT,2015,EUN
AUT,2016,EUN
AUT,2017,EUN
AUT,2018,EUN
AUT,2019,EUN
AUT,2020,EUN
AUT,2021,EUN
BEL,2002,EUN
BEL,2003,EUN
BEL,2004,EUN
BEL,2005,EUN
BEL,2006,EUN
BEL,2007,EUN
BEL,2008,EUN
BEL,2009,EUN
BEL,2010,EUN
BEL,2011,EUN
BEL,2012,EUN
BEL,2013,EUN
BEL,2014,EUN
BEL,2015,EUN
BEL,2016,EUN
BEL,2017,EUN
BEL,2018,EUN
BEL,2019,EUN
BEL,2020,EUN
BEL,2021,EUN
BGR,2002,BGR
BGR,2003,BGR
BGR,2004,BGR
BGR,2005,BGR
BGR,2006,BGR
BGR,2007,EUN
BGR,2008,EUN
BGR,2009,EUN
BGR,2010,EUN
BGR,2011,EUN
BGR,2012,EUN
BGR,2013,EUN
BGR,2014,EUN
BGR,2015,EUN
BGR,2016,EUN
BGR,2017,EUN
BGR,2018,EUN
BGR,2019,EUN
BGR,2020,EUN
BGR,2021,EUN
CYP,2002,CYP
CYP,2003,CYP
CYP,2004,EUN
CYP,2005,EUN
CYP,2006,EUN
CYP,2007,EUN
CYP,2008,EUN
CYP,2009,EUN
CYP,2010,EUN
CYP,2011,EUN
CYP,2012,EUN
CYP,2013,EUN
CYP,2014,EUN
CYP,2015,EUN
CYP,2016,EUN
CYP,2017,EUN
CYP,2018,EUN
CYP,2019,EUN
CYP,2020,EUN
CYP,2021,EUN
CZE,2002,CZE
CZE,2003,CZE
CZE,2004,EUN
CZE,2005,EUN
CZE,2006,EUN
CZE,2007,EUN
CZE,2008,EUN
CZE,2009,EUN
CZE,2010,EUN
CZE,2011,EUN
CZE,2012,EUN
CZE,2013,EUN
CZE,2014,EUN
CZE,2015,EUN
CZE,2016,EUN
CZE,2017,EUN
CZE,2018,EUN
CZE,2019,EUN
CZE,2020,EUN
CZE,2021,EUN
DEU,2002,EUN
DEU,2003,EUN
DEU,2004,EUN
DEU,2005,EUN
DEU,2006,EUN
DEU,2007,EUN
DEU,2008,EUN
DEU,2009,EUN
DEU,2010,EUN
DEU,2011,EUN
DEU,2012,EUN
DEU,2013,EUN
DEU,2014,EUN
DEU,2015,EUN
DEU,2016,EUN
DEU,2017,EUN
DEU,2018,EUN
DEU,2019,EUN
DEU,2020,EUN
DEU,2021,EUN
DNK,2002,EUN
DNK,2003,EUN
DNK,2004,EUN
DNK,2005,EUN
DNK,2006,EUN
DNK,2007,EUN
DNK,2008,EUN
DNK,2009,EUN
DNK,2010,EUN
DNK,2011,EUN
DNK,2012,EUN
DNK,2013,EUN
DNK,2014,EUN
DNK,2015,EUN
DNK,2016,EUN
DNK,2017,EUN
DNK,2018,EUN
DNK,2019,EUN
DNK,2020,EUN
DNK,2021,EUN
ESP,2002,EUN
ESP,2003,EUN
ESP,2004,EUN
ESP,2005,EUN
ESP,2006,EUN
ESP,2007,EUN
ESP,2008,EUN
ESP,2009,EUN
ESP,2010,EUN
ESP,2011,EUN
ESP,2012,EUN
ESP,2013,EUN
ESP,2014,EUN
ESP,2015,EUN
ESP,2016,EUN
ESP,2017,EUN
ESP,2018,EUN
ESP,2019,EUN
ESP,2020,EUN
ESP,2021,EUN
EST,2002,EST
EST,2003,EST
EST,2004,EUN
EST,2005,EUN
EST,2006,EUN
EST,2007,EUN
EST,2008,EUN
EST,2009,EUN
EST,2010,EUN
EST,2011,EUN
EST,2012,EUN
EST,2013,EUN
EST,2014,EUN
EST,2015,EUN
EST,2016,EUN
EST,2017,EUN
EST,2018,EUN
EST,2019,EUN
EST,2020,EUN
EST,2021,EUN
FIN,2002,EUN
FIN,2003,EUN
FIN,2004,EUN
FIN,2005,EUN
FIN,2006,EUN
FIN,2007,EUN
FIN,2008,EUN
FIN,2009,EUN
FIN,2010,EUN
FIN,2011,EUN
FIN,2012,EUN
FIN,2013,EUN
FIN,2014,EUN
FIN,2015,EUN
FIN,2016,EUN
FIN,2017,EUN
FIN,2018,EUN
FIN,2019,EUN
FIN,2020,EUN
FIN,2021,EUN
FRA,2002,EUN
FRA,2003,EUN
FRA,2004,EUN
FRA,2005,EUN
FRA,2006,EUN
FRA,2007,EUN
FRA,2008,EUN
FRA,2009,EUN
FRA,2010,EUN
FRA,2011,EUN
FRA,2012,EUN
FRA,2013,EUN
FRA,2014,EUN
FRA,2015,EUN
FRA,2016,EUN
FRA,2017,EUN
FRA,2018,EUN
FRA,2019,EUN
FRA,2020,EUN
FRA,2021,EUN
GBR,2002,EUN
GBR,2003,EUN
GBR,2004,EUN
GBR,2005,EUN
GBR,2006,EUN
GBR,2007,EUN
GBR,2008,EUN
GBR,2009,EUN
GBR,2010,EUN
GBR,2011,EUN
GBR,2012,EUN
GBR,2013,EUN
GBR,2014,EUN
GBR,2015,EUN
GBR,2016,EUN
GBR,2017,EUN
GBR,2018,EUN
GBR,2019,EUN
GBR,2020,EUN
GBR,2021,GBR
GRC,2002,EUN
GRC,2003,EUN
GRC,2004,EUN
GRC,2005,EUN
GRC,2006,EUN
GRC,2007,EUN
GRC,2008,EUN
GRC,2009,EUN
GRC,2010,EUN
GRC,2011,EUN
GRC,2012,EUN
GRC,2013,EUN
GRC,2014,EUN
GRC,2015,EUN
GRC,2016,EUN
GRC,2017,EUN
GRC,2018,EUN
GRC,2019,EUN
GRC,2020,EUN
GRC,2021,EUN
HRV,2002,HRV
HRV,2003,HRV
HRV,2004,HRV
HRV,2005,HRV
HRV,2006,HRV
HRV,2007,HRV
HRV,2008,HRV
HRV,2009,HRV
HRV,2010,HRV
HRV,2011,HRV
HRV,2012,HRV
HRV,2013,EUN
HRV,2014,EUN
HRV,2015,EUN
HRV,2016,EUN
HRV,2017,EUN
HRV,2018,EUN
HRV,2019,EUN
HRV,2020,EUN
HRV,2021,EUN
HUN,2002,HUN
HUN,2003,HUN
HUN,2004,EUN
HUN,2005,EUN
HUN,2006,EUN
HUN,2007,EUN
HUN,2008,EUN
HUN,2009,EUN
HUN,2010,EUN
HUN,2011,EUN
HUN,2012,EUN
HUN,2013,EUN
HUN,2014,EUN
HUN,2015,EUN
HUN,2016,EUN
HUN,2017,EUN
HUN,2018,EUN
HUN,2019,EUN
HUN,2020,EUN
HUN,2021,EUN
IRL,2002,EUN
IRL,2003,EUN
IRL,2004,EUN
IRL,2005,EUN
IRL,2006,EUN
IRL,2007,EUN
IRL,2008,EUN
IRL,2009,EUN
IRL,2010,EUN
IRL,2011,EUN
IRL,2012,EUN
IRL,2013,EUN
IRL,2014,EUN
IRL,2015,EUN
IRL,2016,EUN
IRL,2017,EUN
IRL,2018,EUN
IRL,2019,EUN
IRL,2020,EUN
IRL,2021,EUN
ITA,2002,EUN
ITA,2003,EUN
ITA,2004,EUN
ITA,2005,EUN
ITA,2006,EUN
ITA,2007,EUN
ITA,2008,EUN
ITA,2009,EUN
ITA,2010,EUN
ITA,2011,EUN
ITA,2012,EUN
ITA,2013,EUN
ITA,2014,EUN
ITA,2015,EUN
ITA,2016,EUN
ITA,2017,EUN
ITA,2018,EUN
ITA,2019,EUN
ITA,2020,EUN
ITA,2021,EUN
LTU,2002,LTU
LTU,2003,LTU
LTU,2004,EUN
LTU,2005,EUN
LTU,2006,EUN
LTU,2007,EUN
LTU,2008,EUN
LTU,2009,EUN
LTU,2010,EUN
LTU,2011,EUN
LTU,2012,EUN
LTU,2013,EUN
LTU,2014,EUN
LTU,2015,EUN
LTU,2016,EUN
LTU,2017,EUN
LTU,2018,EUN
LTU,2019,EUN
LTU,2020,EUN
LTU,2021,EUN
LUX,2002,EUN
LUX,2003,EUN
LUX,2004,EUN
LUX,2005,EUN
LUX,2006,EUN
LUX,2007,EUN
LUX,2008,EUN
LUX,2009,EUN
LUX,2010,EUN
LUX,2011,EUN
LUX,2012,EUN
LUX,2013,EUN
LUX,2014,EUN
LUX,2015,EUN
LUX,2016,EUN
LUX,2017,EUN
LUX,2018,EUN
LUX,2019,EUN
LUX,2020,EUN
LUX,2021,EUN
LVA,2002,LVA
LVA,2003,LVA
LVA,2004,EUN
LVA,2005,EUN
LVA,2006,EUN
LVA,2007,EUN
LVA,2008,EUN
LVA,2009,EUN
LVA,2010,EUN
LVA,2011,EUN
LVA,2012,EUN
LVA,2013,EUN
LVA,2014,EUN
LVA,2015,EUN
LVA,2016,EUN
LVA,2017,EUN
LVA,2018,EUN
LVA,2019,EUN
LVA,2020,EUN
LVA,2021,EUN
MLT,2002,MLT
MLT,2003,MLT
MLT,2004,EUN
MLT,2005,EUN
MLT,2006,EUN
MLT,2007,EUN
MLT,2008,EUN
MLT,2009,EUN
MLT,2010,EUN
MLT,2011,EUN
MLT,2012,EUN
MLT,2013,EUN
MLT,2014,EUN
MLT,2015,EUN
MLT,2016,EUN
MLT,2017,EUN
MLT,2018,EUN
MLT,2019,EUN
MLT,2020,EUN
MLT,2021,EUN
NLD,2002,EUN
NLD,2003,EUN
NLD,2004,EUN
NLD,2005,EUN
NLD,2006,EUN
NLD,2007,EUN
NLD,2008,EUN
NLD,2009,EUN
NLD,2010,EUN
NLD,2011,EUN
NLD,2012,EUN
NLD,2013,EUN
NLD,2014,EUN
NLD,2015,EUN
NLD,2016,EUN
NLD,2017,EUN
NLD,2018,EUN
NLD,2019,EUN
NLD,2020,EUN
NLD,2021,EUN
POL,2002,POL
POL,2003,POL
POL,2004,EUN
POL,2005,EUN
POL,2006,EUN
POL,2007,EUN
POL,2008,EUN
POL,2009,EUN
POL,2010,EUN
POL,2011,EUN
POL,2012,EUN
POL,2013,EUN
POL,2014,EUN
POL,2015,EUN
POL,2016,EUN
POL,2017,EUN
POL,2018,EUN
POL,2019,EUN
POL,2020,EUN
POL,2021,EUN
PRT,2002,EUN
PRT,2003,EUN
PRT,2004,EUN
PRT,2005,EUN
PRT,2006,EUN
PRT,2007,EUN
PRT,2008,EUN
PRT,2009,EUN
PRT,2010,EUN
PRT,2011,EUN
PRT,2012,EUN
PRT,2013,EUN
PRT,2014,EUN
PRT,2015,EUN
PRT,2016,EUN
PRT,2017,EUN
PRT,2018,EUN
PRT,2019,EUN
PRT,2020,EUN
PRT,2021,EUN
ROU,2002,ROU
ROU,2003,ROU
ROU,2004,ROU
ROU,2005,ROU
ROU,2006,ROU
ROU,2007,EUN
ROU,2008,EUN
ROU,2009,EUN
ROU,2010,EUN
ROU,2011,EUN
ROU,2012,EUN
ROU,2013,EUN
ROU,2014,EUN
ROU,2015,EUN
ROU,2016,EUN
ROU,2017,EUN
ROU,2018,EUN
ROU,2019,EUN
ROU,2020,EUN
ROU,2021,EUN
SVK,2002,SVK
SVK,2003,SVK
SVK,2004,EUN
SVK,2005,EUN
SVK,2006,EUN
SVK,2007,EUN
SVK,2008,EUN
SVK,2009,EUN
SVK,2010,EUN
SVK,2011,EUN
SVK,2012,EUN
SVK,2013,EUN
SVK,2014,EUN
SVK,2015,EUN
SVK,2016,EUN
SVK,2017,EUN
SVK,2018,EUN
SVK,2019,EUN
SVK,2020,EUN
SVK,2021,EUN
SVN,2002,SVN
SVN,2003,SVN
SVN,2004,EUN
SVN,2005,EUN
SVN,2006,EUN
SVN,2007,EUN
SVN,2008,EUN
SVN,2009,EUN
SVN,2010,EUN
SVN,2011,EUN
SVN,2012,EUN
SVN,2013,EUN
SVN,2014,EUN
SVN,2015,EUN
SVN,2016,EUN
SVN,2017,EUN
SVN,2018,EUN
SVN,2019,EUN
SVN,2020,EUN
SVN,2021,EUN
SWE,2002,EUN
SWE,2003,EUN
SWE,2004,EUN
SWE,2005,EUN
SWE,2006,EUN
SWE,2007,EUN
SWE,2008,EUN
SWE,2009,EUN
SWE,2010,EUN
SWE,2011,EUN
SWE,2012,EUN
SWE,2013,EUN
SWE,2014,EUN
SWE,2015,EUN
SWE,2016,EUN
SWE,2017,EUN
SWE,2018,EUN
SWE,2019,EUN
SWE,2020,EUN
SWE,2021,EUN
