iso3,code,year
DJI,262,2002
KWT,414,2002
QAT,634,2002
ALB,008,2002
AGO,024,2002
ATG,028,2002
AZE,031,2002
BHS,044,2002
BGD,050,2002
BRB,052,2002
BTN,064,2002
BLZ,084,2002
BRN,096,2002
MMR,104,2002
BDI,108,2002
BLR,112,2002
KHM,116,2002
CMR,120,2002
CAF,140,2002
TCD,148,2002
TWN,158,2002
COG,178,2002
CUB,192,2002
BEN,204,2002
DMA,212,2002
DOM,214,2002
GNQ,226,2002
ETH,231,2002
ERI,232,2002
EST,233,2002
GAB,266,2002
GEO,268,2002
GHA,288,2002
GRD,308,2002
GUY,328,2002
HTI,332,2002
CIV,384,2002
JAM,388,2002
JOR,400,2002
KEN,404,2002
KGZ,417,2002
LBY,434,2002
MYS,458,2002
MDV,462,2002
MLI,466,2002
MEX,484,2002
MNG,496,2002
OMN,512,2002
VUT,548,2002
NIC,558,2002
NER,562,2002
NGA,566,2002
PAN,591,2002
PHL,608,2002
GNB,624,2002
RWA,646,2002
KNA,659,2002
LCA,662,2002
VCT,670,2002
SEN,686,2002
VNM,704,2002
SYR,760,2002
TJK,762,2002
TGO,768,2002
TTO,780,2002
TUN,788,2002
TKM,795,2002
UKR,804,2002
EGY,818,2002
BFA,854,2002
VEN,862,2002
SER,891,2002
ZMB,894,2002
DZA,012,2002
ARG,032,2002
AUS,036,2002
BHR,048,2002
BOL,068,2002
BWA,072,2002
BRA,076,2002
BGR,100,2002
CAN,124,2002
CHL,152,2002
CHN,156,2002
COL,170,2002
CRI,188,2002
HRV,191,2002
CYP,196,2002
CZE,203,2002
ECU,218,2002
SLV,222,2002
GTM,320,2002
HND,340,2002
HKG,344,2002
HUN,348,2002
IND,356,2002
IDN,360,2002
ISR,376,2002
JPN,392,2002
KOR,410,2002
LBN,422,2002
LTU,440,2002
MAC,446,2002
MDG,450,2002
MLT,470,2002
MUS,480,2002
MAR,504,2002
MOZ,508,2002
NAM,516,2002
NPL,524,2002
NZL,554,2002
NOR,578,2002
PAK,586,2002
PNG,598,2002
PRY,600,2002
PER,604,2002
POL,616,2002
RUS,643,2002
SAU,682,2002
SGP,702,2002
SVK,703,2002
SVN,705,2002
ZAF,710,2002
ZWE,716,2002
SDN,736,2002
SWZ,748,2002
CHE,756,2002
TUR,792,2002
UGA,800,2002
MKD,807,2002
USA,840,2002
URY,858,2002
EUN,918,2002
GMB,270,2003
ATG,028,2003
ARM,051,2003
BRB,052,2003
BLZ,084,2003
BRN,096,2003
MMR,104,2003
BDI,108,2003
KHM,116,2003
TWN,158,2003
DMA,212,2003
DOM,214,2003
EST,233,2003
GEO,268,2003
GHA,288,2003
GRD,308,2003
GUY,328,2003
JAM,388,2003
MYS,458,2003
MNG,496,2003
MDA,498,2003
NGA,566,2003
PAN,591,2003
PHL,608,2003
RWA,646,2003
KNA,659,2003
LCA,662,2003
VCT,670,2003
TTO,780,2003
EGY,818,2003
TZA,834,2003
VEN,862,2003
ZMB,894,2003
ALB,008,2003
DZA,012,2003
ARG,032,2003
AUS,036,2003
BHR,048,2003
BGD,050,2003
BOL,068,2003
BRA,076,2003
BGR,100,2003
CMR,120,2003
CAN,124,2003
CAF,140,2003
LKA,144,2003
TCD,148,2003
CHL,152,2003
CHN,156,2003
COL,170,2003
COG,178,2003
ZAR,180,2003
CRI,188,2003
HRV,191,2003
CUB,192,2003
CZE,203,2003
BEN,204,2003
ECU,218,2003
SLV,222,2003
FJI,242,2003
GAB,266,2003
GTM,320,2003
HND,340,2003
HKG,344,2003
ISL,352,2003
IND,356,2003
IDN,360,2003
IRN,364,2003
ISR,376,2003
CIV,384,2003
JPN,392,2003
JOR,400,2003
KOR,410,2003
KWT,414,2003
KGZ,417,2003
LTU,440,2003
MAC,446,2003
MDG,450,2003
MWI,454,2003
MDV,462,2003
MLI,466,2003
MLT,470,2003
MEX,484,2003
MAR,504,2003
MOZ,508,2003
OMN,512,2003
NPL,524,2003
VUT,548,2003
NZL,554,2003
NIC,558,2003
NER,562,2003
NOR,578,2003
PAK,586,2003
PNG,598,2003
PRY,600,2003
PER,604,2003
POL,616,2003
GNB,624,2003
QAT,634,2003
SAU,682,2003
SEN,686,2003
SGP,702,2003
VNM,704,2003
SVN,705,2003
ZAF,710,2003
ZWE,716,2003
CHE,756,2003
THA,764,2003
TGO,768,2003
ARE,784,2003
TUN,788,2003
TUR,792,2003
UGA,800,2003
USA,840,2003
BFA,854,2003
EUN,918,2003
GIN,324,2004
LAO,418,2004
AGO,024,2004
ATG,028,2004
ARM,051,2004
BRB,052,2004
BTN,064,2004
MMR,104,2004
DOM,214,2004
GEO,268,2004
GHA,288,2004
VEN,862,2004
AFG,004,2004
ALB,008,2004
ARG,032,2004
AUS,036,2004
BHR,048,2004
BGD,050,2004
BOL,068,2004
BWA,072,2004
BRA,076,2004
BRN,096,2004
BGR,100,2004
CMR,120,2004
CAN,124,2004
CAF,140,2004
LKA,144,2004
TCD,148,2004
CHL,152,2004
CHN,156,2004
TWN,158,2004
COL,170,2004
COG,178,2004
CRI,188,2004
HRV,191,2004
CUB,192,2004
BEN,204,2004
ECU,218,2004
SLV,222,2004
FJI,242,2004
GAB,266,2004
GTM,320,2004
HND,340,2004
HKG,344,2004
ISL,352,2004
IND,356,2004
IDN,360,2004
IRN,364,2004
ISR,376,2004
CIV,384,2004
JAM,388,2004
JPN,392,2004
KAZ,398,2004
JOR,400,2004
KEN,404,2004
KOR,410,2004
KWT,414,2004
LBN,422,2004
LSO,426,2004
MAC,446,2004
MDG,450,2004
MYS,458,2004
MDV,462,2004
MLI,466,2004
MUS,480,2004
MEX,484,2004
MNG,496,2004
MDA,498,2004
OMN,512,2004
NAM,516,2004
NPL,524,2004
VUT,548,2004
NZL,554,2004
NIC,558,2004
NER,562,2004
NOR,578,2004
PAK,586,2004
PAN,591,2004
PNG,598,2004
PRY,600,2004
PER,604,2004
PHL,608,2004
GNB,624,2004
QAT,634,2004
ROM,642,2004
SAU,682,2004
SEN,686,2004
SLE,694,2004
SGP,702,2004
VNM,704,2004
ZAF,710,2004
SWZ,748,2004
CHE,756,2004
THA,764,2004
TGO,768,2004
TTO,780,2004
TUN,788,2004
TUR,792,2004
UGA,800,2004
MKD,807,2004
EGY,818,2004
USA,840,2004
BFA,854,2004
URY,858,2004
ZMB,894,2004
EUN,918,2004
DJI,262,2005
SYC,690,2005
ATG,028,2005
ARM,051,2005
BTN,064,2005
CPV,132,2005
GEO,268,2005
LCA,662,2005
VEN,862,2005
ALB,008,2005
DZA,012,2005
AGO,024,2005
AZE,031,2005
ARG,032,2005
AUS,036,2005
BHR,048,2005
BGD,050,2005
BMU,060,2005
BOL,068,2005
BWA,072,2005
BRA,076,2005
BRN,096,2005
BGR,100,2005
MMR,104,2005
BDI,108,2005
KHM,116,2005
CMR,120,2005
CAN,124,2005
CAF,140,2005
LKA,144,2005
TCD,148,2005
CHL,152,2005
CHN,156,2005
TWN,158,2005
COL,170,2005
COG,178,2005
CRI,188,2005
HRV,191,2005
CUB,192,2005
BEN,204,2005
DOM,214,2005
ECU,218,2005
SLV,222,2005
GNQ,226,2005
GAB,266,2005
GTM,320,2005
GIN,324,2005
HND,340,2005
HKG,344,2005
ISL,352,2005
IND,356,2005
IDN,360,2005
ISR,376,2005
CIV,384,2005
JPN,392,2005
JOR,400,2005
KEN,404,2005
KOR,410,2005
KWT,414,2005
LAO,418,2005
LBN,422,2005
LSO,426,2005
MAC,446,2005
MDG,450,2005
MYS,458,2005
MDV,462,2005
MLI,466,2005
MUS,480,2005
MEX,484,2005
MNG,496,2005
MDA,498,2005
MAR,504,2005
MOZ,508,2005
OMN,512,2005
NAM,516,2005
NPL,524,2005
VUT,548,2005
NZL,554,2005
NIC,558,2005
NER,562,2005
NGA,566,2005
NOR,578,2005
PLW,585,2005
PAK,586,2005
PAN,591,2005
PNG,598,2005
PRY,600,2005
PER,604,2005
PHL,608,2005
GNB,624,2005
QAT,634,2005
ROM,642,2005
RUS,643,2005
RWA,646,2005
SAU,682,2005
SEN,686,2005
SGP,702,2005
VNM,704,2005
ZAF,710,2005
SWZ,748,2005
CHE,756,2005
THA,764,2005
TGO,768,2005
TTO,780,2005
ARE,784,2005
TUN,788,2005
TUR,792,2005
UGA,800,2005
MKD,807,2005
EGY,818,2005
TZA,834,2005
USA,840,2005
BFA,854,2005
URY,858,2005
SER,891,2005
ZMB,894,2005
EUN,918,2005
SLB,090,2006
DJI,262,2006
SYC,690,2006
ATG,028,2006
CPV,132,2006
ERI,232,2006
GEO,268,2006
GRD,308,2006
MRT,478,2006
KNA,659,2006
LCA,662,2006
VCT,670,2006
UKR,804,2006
AFG,004,2006
ALB,008,2006
DZA,012,2006
AGO,024,2006
ARG,032,2006
AUS,036,2006
BHS,044,2006
BHR,048,2006
BGD,050,2006
ARM,051,2006
BRB,052,2006
BOL,068,2006
BIH,070,2006
BWA,072,2006
BRA,076,2006
BLZ,084,2006
BRN,096,2006
BGR,100,2006
MMR,104,2006
BDI,108,2006
KHM,116,2006
CMR,120,2006
CAN,124,2006
CAF,140,2006
LKA,144,2006
TCD,148,2006
CHL,152,2006
CHN,156,2006
TWN,158,2006
COL,170,2006
COG,178,2006
ZAR,180,2006
CRI,188,2006
HRV,191,2006
CUB,192,2006
BEN,204,2006
DMA,212,2006
DOM,214,2006
ECU,218,2006
SLV,222,2006
ETH,231,2006
FJI,242,2006
GTM,320,2006
GUY,328,2006
HND,340,2006
HKG,344,2006
ISL,352,2006
IND,356,2006
IDN,360,2006
ISR,376,2006
CIV,384,2006
JAM,388,2006
JPN,392,2006
JOR,400,2006
KEN,404,2006
KOR,410,2006
KWT,414,2006
KGZ,417,2006
LAO,418,2006
LBN,422,2006
LSO,426,2006
LBY,434,2006
MAC,446,2006
MDG,450,2006
MWI,454,2006
MYS,458,2006
MDV,462,2006
MLI,466,2006
MUS,480,2006
MEX,484,2006
MNG,496,2006
MDA,498,2006
MAR,504,2006
MOZ,508,2006
OMN,512,2006
NAM,516,2006
NPL,524,2006
VUT,548,2006
NZL,554,2006
NIC,558,2006
NER,562,2006
NGA,566,2006
NOR,578,2006
PLW,585,2006
PAK,586,2006
PAN,591,2006
PNG,598,2006
PRY,600,2006
PER,604,2006
PHL,608,2006
GNB,624,2006
QAT,634,2006
RWA,646,2006
SAU,682,2006
SEN,686,2006
SLE,694,2006
SGP,702,2006
VNM,704,2006
ZAF,710,2006
SDN,736,2006
SWZ,748,2006
CHE,756,2006
TJK,762,2006
THA,764,2006
TGO,768,2006
TTO,780,2006
ARE,784,2006
TUN,788,2006
TUR,792,2006
UGA,800,2006
MKD,807,2006
EGY,818,2006
TZA,834,2006
USA,840,2006
BFA,854,2006
URY,858,2006
UZB,860,2006
VEN,862,2006
YEM,887,2006
ZMB,894,2006
EUN,918,2006
SLB,090,2007
GMB,270,2007
SYC,690,2007
ATG,028,2007
GRD,308,2007
HTI,332,2007
MRT,478,2007
KNA,659,2007
LCA,662,2007
VCT,670,2007
SUR,740,2007
AFG,004,2007
ALB,008,2007
AZE,031,2007
ARG,032,2007
BGD,050,2007
ARM,051,2007
BRB,052,2007
BOL,068,2007
BIH,070,2007
BLZ,084,2007
BRN,096,2007
MMR,104,2007
BDI,108,2007
KHM,116,2007
CHL,152,2007
TWN,158,2007
COL,170,2007
ZAR,180,2007
CUB,192,2007
DMA,212,2007
ECU,218,2007
GEO,268,2007
GHA,288,2007
IRN,364,2007
KEN,404,2007
KGZ,417,2007
LAO,418,2007
MAC,446,2007
MYS,458,2007
MEX,484,2007
MDA,498,2007
MAR,504,2007
MOZ,508,2007
VUT,548,2007
PAK,586,2007
PAN,591,2007
PNG,598,2007
PRY,600,2007
PER,604,2007
PHL,608,2007
SGP,702,2007
VNM,704,2007
UGA,800,2007
UKR,804,2007
TZA,834,2007
URY,858,2007
UZB,860,2007
VEN,862,2007
SER,891,2007
DZA,012,2007
AUS,036,2007
BHR,048,2007
BMU,060,2007
BTN,064,2007
BWA,072,2007
BRA,076,2007
CMR,120,2007
CAN,124,2007
CPV,132,2007
CAF,140,2007
LKA,144,2007
TCD,148,2007
CHN,156,2007
MYT,175,2007
COG,178,2007
CRI,188,2007
HRV,191,2007
BEN,204,2007
DOM,214,2007
SLV,222,2007
GNQ,226,2007
FJI,242,2007
GAB,266,2007
GTM,320,2007
GUY,328,2007
HND,340,2007
HKG,344,2007
ISL,352,2007
IND,356,2007
IDN,360,2007
ISR,376,2007
CIV,384,2007
JAM,388,2007
JPN,392,2007
JOR,400,2007
KOR,410,2007
KWT,414,2007
LBN,422,2007
LSO,426,2007
MDG,450,2007
MLI,466,2007
MUS,480,2007
MNG,496,2007
MNT,499,2007
OMN,512,2007
NAM,516,2007
NPL,524,2007
NZL,554,2007
NIC,558,2007
NER,562,2007
NOR,578,2007
GNB,624,2007
QAT,634,2007
RUS,643,2007
SAU,682,2007
SEN,686,2007
ZAF,710,2007
ZWE,716,2007
SWZ,748,2007
CHE,756,2007
THA,764,2007
TGO,768,2007
TTO,780,2007
ARE,784,2007
TUR,792,2007
MKD,807,2007
EGY,818,2007
USA,840,2007
BFA,854,2007
ZMB,894,2007
EUN,918,2007
SLB,090,2008
GMB,270,2008
ATG,028,2008
GRD,308,2008
HTI,332,2008
MRT,478,2008
KNA,659,2008
ALB,008,2008
AZE,031,2008
ARM,051,2008
BLZ,084,2008
BRN,096,2008
MMR,104,2008
BDI,108,2008
KHM,116,2008
TWN,158,2008
COM,174,2008
ZAR,180,2008
CUB,192,2008
PYF,258,2008
GEO,268,2008
GHA,288,2008
GIN,324,2008
LAO,418,2008
MAR,504,2008
VUT,548,2008
NGA,566,2008
UKR,804,2008
VEN,862,2008
AFG,004,2008
DZA,012,2008
AGO,024,2008
ARG,032,2008
AUS,036,2008
BHR,048,2008
BGD,050,2008
BMU,060,2008
BOL,068,2008
BIH,070,2008
BWA,072,2008
BRA,076,2008
BLR,112,2008
CMR,120,2008
CAN,124,2008
CPV,132,2008
CAF,140,2008
LKA,144,2008
TCD,148,2008
CHL,152,2008
CHN,156,2008
COL,170,2008
MYT,175,2008
COG,178,2008
CRI,188,2008
HRV,191,2008
BEN,204,2008
DOM,214,2008
ECU,218,2008
SLV,222,2008
ETH,231,2008
FJI,242,2008
GAB,266,2008
GTM,320,2008
GUY,328,2008
HND,340,2008
HKG,344,2008
ISL,352,2008
IND,356,2008
IDN,360,2008
IRN,364,2008
ISR,376,2008
CIV,384,2008
JPN,392,2008
KAZ,398,2008
JOR,400,2008
KEN,404,2008
KOR,410,2008
KWT,414,2008
KGZ,417,2008
LSO,426,2008
MAC,446,2008
MDG,450,2008
MWI,454,2008
MYS,458,2008
MDV,462,2008
MLI,466,2008
MUS,480,2008
MEX,484,2008
MNG,496,2008
MDA,498,2008
MNT,499,2008
MOZ,508,2008
OMN,512,2008
NAM,516,2008
NPL,524,2008
NZL,554,2008
NIC,558,2008
NER,562,2008
NOR,578,2008
PAK,586,2008
PAN,591,2008
PNG,598,2008
PRY,600,2008
PER,604,2008
PHL,608,2008
GNB,624,2008
QAT,634,2008
RUS,643,2008
RWA,646,2008
SAU,682,2008
SEN,686,2008
SGP,702,2008
VNM,704,2008
ZAF,710,2008
SDN,736,2008
SWZ,748,2008
CHE,756,2008
THA,764,2008
TGO,768,2008
TTO,780,2008
ARE,784,2008
TUN,788,2008
TUR,792,2008
UGA,800,2008
MKD,807,2008
EGY,818,2008
TZA,834,2008
USA,840,2008
BFA,854,2008
URY,858,2008
UZB,860,2008
SER,891,2008
ZMB,894,2008
EUN,918,2008
GMB,270,2009
ATG,028,2009
MRT,478,2009
KNA,659,2009
ZAR,180,2009
DJI,262,2009
GEO,268,2009
GHA,288,2009
GIN,324,2009
MAR,504,2009
VUT,548,2009
UKR,804,2009
VEN,862,2009
ALB,008,2009
DZA,012,2009
AGO,024,2009
AZE,031,2009
ARG,032,2009
AUS,036,2009
BHR,048,2009
BGD,050,2009
ARM,051,2009
BMU,060,2009
BOL,068,2009
BIH,070,2009
BWA,072,2009
BRA,076,2009
BLZ,084,2009
BRN,096,2009
BDI,108,2009
BLR,112,2009
CMR,120,2009
CAN,124,2009
CPV,132,2009
CAF,140,2009
LKA,144,2009
TCD,148,2009
CHL,152,2009
CHN,156,2009
TWN,158,2009
COL,170,2009
MYT,175,2009
COG,178,2009
CRI,188,2009
HRV,191,2009
CUB,192,2009
BEN,204,2009
ECU,218,2009
SLV,222,2009
ETH,231,2009
FJI,242,2009
PYF,258,2009
GAB,266,2009
GTM,320,2009
GUY,328,2009
HTI,332,2009
HND,340,2009
HKG,344,2009
ISL,352,2009
IND,356,2009
IDN,360,2009
ISR,376,2009
CIV,384,2009
JPN,392,2009
JOR,400,2009
KEN,404,2009
KOR,410,2009
KWT,414,2009
KGZ,417,2009
LSO,426,2009
MAC,446,2009
MDG,450,2009
MWI,454,2009
MYS,458,2009
MDV,462,2009
MLI,466,2009
MUS,480,2009
MEX,484,2009
MNG,496,2009
MDA,498,2009
MNT,499,2009
MOZ,508,2009
OMN,512,2009
NAM,516,2009
NPL,524,2009
NZL,554,2009
NIC,558,2009
NER,562,2009
NGA,566,2009
NOR,578,2009
PAK,586,2009
PAN,591,2009
PNG,598,2009
PRY,600,2009
PER,604,2009
PHL,608,2009
GNB,624,2009
QAT,634,2009
RUS,643,2009
RWA,646,2009
SAU,682,2009
SEN,686,2009
SGP,702,2009
VNM,704,2009
ZAF,710,2009
SDN,736,2009
SUR,740,2009
SWZ,748,2009
CHE,756,2009
SYR,760,2009
THA,764,2009
TGO,768,2009
TON,776,2009
ARE,784,2009
TUN,788,2009
TUR,792,2009
UGA,800,2009
MKD,807,2009
EGY,818,2009
TZA,834,2009
USA,840,2009
BFA,854,2009
URY,858,2009
UZB,860,2009
YEM,887,2009
SER,891,2009
ZMB,894,2009
EUN,918,2009
MRT,478,2010
AGO,024,2010
ATG,028,2010
BRB,052,2010
SLB,090,2010
COM,174,2010
DMA,212,2010
GEO,268,2010
GIN,324,2010
MAR,504,2010
PLW,585,2010
LCA,662,2010
VCT,670,2010
TJK,762,2010
TTO,780,2010
UKR,804,2010
VEN,862,2010
ALB,008,2010
ARG,032,2010
AUS,036,2010
BHS,044,2010
BHR,048,2010
BGD,050,2010
ARM,051,2010
BMU,060,2010
BOL,068,2010
BIH,070,2010
BWA,072,2010
BRA,076,2010
BLZ,084,2010
BRN,096,2010
MMR,104,2010
BDI,108,2010
BLR,112,2010
KHM,116,2010
CMR,120,2010
CAN,124,2010
CPV,132,2010
CAF,140,2010
LKA,144,2010
TCD,148,2010
CHL,152,2010
CHN,156,2010
TWN,158,2010
COL,170,2010
MYT,175,2010
COG,178,2010
ZAR,180,2010
COK,184,2010
CRI,188,2010
HRV,191,2010
CUB,192,2010
BEN,204,2010
DOM,214,2010
ECU,218,2010
SLV,222,2010
ETH,231,2010
FJI,242,2010
GAB,266,2010
GMB,270,2010
GHA,288,2010
GRD,308,2010
GTM,320,2010
GUY,328,2010
HTI,332,2010
HND,340,2010
HKG,344,2010
ISL,352,2010
IND,356,2010
IDN,360,2010
CIV,384,2010
JAM,388,2010
JPN,392,2010
KAZ,398,2010
JOR,400,2010
KEN,404,2010
KOR,410,2010
KWT,414,2010
KGZ,417,2010
LSO,426,2010
MAC,446,2010
MDG,450,2010
MWI,454,2010
MYS,458,2010
MDV,462,2010
MLI,466,2010
MUS,480,2010
MEX,484,2010
MNG,496,2010
MDA,498,2010
MNT,499,2010
MOZ,508,2010
NAM,516,2010
NPL,524,2010
NZL,554,2010
NIC,558,2010
NER,562,2010
NGA,566,2010
NOR,578,2010
PAK,586,2010
PAN,591,2010
PNG,598,2010
PRY,600,2010
PER,604,2010
PHL,608,2010
GNB,624,2010
QAT,634,2010
RUS,643,2010
RWA,646,2010
KNA,659,2010
SEN,686,2010
SLE,694,2010
SGP,702,2010
VNM,704,2010
ZAF,710,2010
ZWE,716,2010
SDN,736,2010
SUR,740,2010
SWZ,748,2010
CHE,756,2010
SYR,760,2010
THA,764,2010
TGO,768,2010
TON,776,2010
TUN,788,2010
TUR,792,2010
TUV,798,2010
UGA,800,2010
MKD,807,2010
EGY,818,2010
TZA,834,2010
USA,840,2010
BFA,854,2010
URY,858,2010
SER,891,2010
ZMB,894,2010
EUN,918,2010
MRT,478,2011
AGO,024,2011
ATG,028,2011
BRB,052,2011
SLB,090,2011
CMR,120,2011
COM,174,2011
GEO,268,2011
MAR,504,2011
PLW,585,2011
LCA,662,2011
VCT,670,2011
SUR,740,2011
TTO,780,2011
VEN,862,2011
ALB,008,2011
AZE,031,2011
ARG,032,2011
AUS,036,2011
BHS,044,2011
BHR,048,2011
BGD,050,2011
ARM,051,2011
BMU,060,2011
BOL,068,2011
BIH,070,2011
BWA,072,2011
BRA,076,2011
BLZ,084,2011
BRN,096,2011
MMR,104,2011
BDI,108,2011
BLR,112,2011
KHM,116,2011
CAN,124,2011
CPV,132,2011
CAF,140,2011
LKA,144,2011
TCD,148,2011
CHL,152,2011
CHN,156,2011
TWN,158,2011
COL,170,2011
MYT,175,2011
COG,178,2011
CRI,188,2011
HRV,191,2011
CUB,192,2011
BEN,204,2011
DMA,212,2011
DOM,214,2011
ECU,218,2011
SLV,222,2011
ETH,231,2011
FJI,242,2011
PYF,258,2011
DJI,262,2011
GAB,266,2011
GMB,270,2011
GRD,308,2011
GTM,320,2011
GUY,328,2011
HTI,332,2011
HND,340,2011
HKG,344,2011
ISL,352,2011
IDN,360,2011
IRN,364,2011
ISR,376,2011
CIV,384,2011
JAM,388,2011
JPN,392,2011
KAZ,398,2011
JOR,400,2011
KEN,404,2011
KOR,410,2011
KWT,414,2011
KGZ,417,2011
LSO,426,2011
LIE,438,2011
MAC,446,2011
MDG,450,2011
MWI,454,2011
MYS,458,2011
MDV,462,2011
MLI,466,2011
MUS,480,2011
MEX,484,2011
MNG,496,2011
MDA,498,2011
MNT,499,2011
MOZ,508,2011
NAM,516,2011
NPL,524,2011
ABW,533,2011
NZL,554,2011
NIC,558,2011
NER,562,2011
NGA,566,2011
NOR,578,2011
PAK,586,2011
PAN,591,2011
PRY,600,2011
PER,604,2011
PHL,608,2011
GNB,624,2011
TMP,626,2011
QAT,634,2011
RUS,643,2011
RWA,646,2011
KNA,659,2011
SAU,682,2011
SEN,686,2011
SLE,694,2011
SGP,702,2011
ZAF,710,2011
ZWE,716,2011
SDN,736,2011
SWZ,748,2011
CHE,756,2011
THA,764,2011
TGO,768,2011
TON,776,2011
ARE,784,2011
TUN,788,2011
TUR,792,2011
UGA,800,2011
UKR,804,2011
MKD,807,2011
EGY,818,2011
TZA,834,2011
USA,840,2011
BFA,854,2011
URY,858,2011
WSM,882,2011
YEM,887,2011
SER,891,2011
ZMB,894,2011
EUN,918,2011
IND,356,2011
AGO,024,2012
CMR,120,2012
COM,174,2012
GEO,268,2012
GIN,324,2012
MAR,504,2012
PLW,585,2012
VEN,862,2012
ATG,028,2012
ARG,032,2012
BHR,048,2012
ARM,051,2012
BRB,052,2012
BOL,068,2012
BRA,076,2012
BLZ,084,2012
KHM,116,2012
CPV,132,2012
CAF,140,2012
TWN,158,2012
COL,170,2012
CUB,192,2012
BEN,204,2012
DMA,212,2012
ECU,218,2012
ETH,231,2012
DJI,262,2012
GAB,266,2012
GMB,270,2012
GRD,308,2012
GUY,328,2012
HTI,332,2012
IDN,360,2012
CIV,384,2012
JAM,388,2012
KGZ,417,2012
MWI,454,2012
MYS,458,2012
MLI,466,2012
MEX,484,2012
MDA,498,2012
MSR,500,2012
MOZ,508,2012
NPL,524,2012
ABW,533,2012
VUT,548,2012
NER,562,2012
PRY,600,2012
PHL,608,2012
GNB,624,2012
TMP,626,2012
KNA,659,2012
AIA,660,2012
LCA,662,2012
VCT,670,2012
SEN,686,2012
SLE,694,2012
ZWE,716,2012
SUR,740,2012
TJK,762,2012
TGO,768,2012
TON,776,2012
TTO,780,2012
UKR,804,2012
EGY,818,2012
BFA,854,2012
URY,858,2012
UZB,860,2012
AFG,004,2012
ALB,008,2012
AZE,031,2012
AUS,036,2012
BGD,050,2012
BMU,060,2012
BIH,070,2012
BWA,072,2012
MMR,104,2012
BDI,108,2012
BLR,112,2012
CAN,124,2012
LKA,144,2012
CHL,152,2012
MYT,175,2012
COK,184,2012
CRI,188,2012
HRV,191,2012
DOM,214,2012
SLV,222,2012
FJI,242,2012
PYF,258,2012
GTM,320,2012
HND,340,2012
HKG,344,2012
ISL,352,2012
IND,356,2012
ISR,376,2012
JPN,392,2012
KAZ,398,2012
JOR,400,2012
KEN,404,2012
KOR,410,2012
KWT,414,2012
LSO,426,2012
LBR,430,2012
MAC,446,2012
MDG,450,2012
MDV,462,2012
MUS,480,2012
MNT,499,2012
OMN,512,2012
NAM,516,2012
NZL,554,2012
NIC,558,2012
NOR,578,2012
PAK,586,2012
PAN,591,2012
PNG,598,2012
QAT,634,2012
RUS,643,2012
RWA,646,2012
SAU,682,2012
SGP,702,2012
VNM,704,2012
ZAF,710,2012
SUD,729,2012
SWZ,748,2012
CHE,756,2012
ARE,784,2012
TUN,788,2012
UGA,800,2012
MKD,807,2012
TZA,834,2012
USA,840,2012
WSM,882,2012
YEM,887,2012
ZMB,894,2012
EUN,918,2012
ATG,028,2013
AGO,024,2013
SLB,090,2013
COM,174,2013
VEN,862,2013
ARM,051,2013
BRB,052,2013
TWN,158,2013
CUB,192,2013
BEN,204,2013
DMA,212,2013
GAB,266,2013
GMB,270,2013
GRD,308,2013
GUY,328,2013
HTI,332,2013
IDN,360,2013
CIV,384,2013
JAM,388,2013
KGZ,417,2013
MWI,454,2013
MLI,466,2013
MNG,496,2013
MDA,498,2013
MSR,500,2013
ABW,533,2013
NER,562,2013
NGA,566,2013
GNB,624,2013
TMP,626,2013
KNA,659,2013
AIA,660,2013
LCA,662,2013
VCT,670,2013
STP,678,2013
SEN,686,2013
SUR,740,2013
TJK,762,2013
TGO,768,2013
TON,776,2013
TTO,780,2013
UKR,804,2013
EGY,818,2013
BFA,854,2013
AFG,004,2013
ALB,008,2013
AZE,031,2013
ARG,032,2013
AUS,036,2013
BHS,044,2013
BHR,048,2013
BGD,050,2013
BMU,060,2013
BOL,068,2013
BIH,070,2013
BWA,072,2013
BRA,076,2013
BLZ,084,2013
MMR,104,2013
BDI,108,2013
BLR,112,2013
CMR,120,2013
CAN,124,2013
CPV,132,2013
CAF,140,2013
TCD,148,2013
CHL,152,2013
COL,170,2013
MYT,175,2013
COG,178,2013
COK,184,2013
CRI,188,2013
HRV,191,2013
DOM,214,2013
SLV,222,2013
FJI,242,2013
PYF,258,2013
GEO,268,2013
PSE,275,2013
GHA,288,2013
GTM,320,2013
HND,340,2013
HKG,344,2013
ISL,352,2013
IND,356,2013
ISR,376,2013
JPN,392,2013
KAZ,398,2013
JOR,400,2013
KEN,404,2013
KOR,410,2013
KWT,414,2013
LSO,426,2013
LBR,430,2013
LIE,438,2013
MAC,446,2013
MDG,450,2013
MYS,458,2013
MDV,462,2013
MUS,480,2013
MEX,484,2013
MNT,499,2013
OMN,512,2013
NAM,516,2013
NPL,524,2013
NZL,554,2013
NIC,558,2013
NOR,578,2013
PAK,586,2013
PAN,591,2013
PNG,598,2013
PRY,600,2013
PER,604,2013
PHL,608,2013
QAT,634,2013
RUS,643,2013
RWA,646,2013
SAU,682,2013
SGP,702,2013
VNM,704,2013
ZAF,710,2013
SUD,729,2013
SDN,736,2013
SWZ,748,2013
CHE,756,2013
SYR,760,2013
THA,764,2013
ARE,784,2013
TUN,788,2013
TUR,792,2013
UGA,800,2013
MKD,807,2013
TZA,834,2013
USA,840,2013
URY,858,2013
WSM,882,2013
YEM,887,2013
SER,891,2013
ZMB,894,2013
EUN,918,2013
MAR,504,2014
ATG,028,2014
BEN,204,2014
DJI,262,2014
HTI,332,2014
CIV,384,2014
KGZ,417,2014
MLI,466,2014
MDA,498,2014
MOZ,508,2014
NER,562,2014
NGA,566,2014
GNB,624,2014
TMP,626,2014
KNA,659,2014
AIA,660,2014
LCA,662,2014
STP,678,2014
SEN,686,2014
TJK,762,2014
TGO,768,2014
BFA,854,2014
ALB,008,2014
DZA,012,2014
AGO,024,2014
AZE,031,2014
ARG,032,2014
AUS,036,2014
BHS,044,2014
BHR,048,2014
ARM,051,2014
BMU,060,2014
BOL,068,2014
BIH,070,2014
BWA,072,2014
BRA,076,2014
BLZ,084,2014
BRN,096,2014
BDI,108,2014
BLR,112,2014
KHM,116,2014
CMR,120,2014
CAN,124,2014
LKA,144,2014
CHN,156,2014
TWN,158,2014
COL,170,2014
COM,174,2014
COG,178,2014
ZAR,180,2014
CRI,188,2014
ECU,218,2014
SLV,222,2014
PYF,258,2014
PSE,275,2014
GTM,320,2014
HKG,344,2014
ISL,352,2014
ISR,376,2014
JPN,392,2014
KAZ,398,2014
JOR,400,2014
KEN,404,2014
KOR,410,2014
KWT,414,2014
LAO,418,2014
LBN,422,2014
LSO,426,2014
LBR,430,2014
LIE,438,2014
MAC,446,2014
MDG,450,2014
MWI,454,2014
MYS,458,2014
MDV,462,2014
MRT,478,2014
MUS,480,2014
MEX,484,2014
MNT,499,2014
OMN,512,2014
NAM,516,2014
NPL,524,2014
NZL,554,2014
NIC,558,2014
NOR,578,2014
PAK,586,2014
PRY,600,2014
PER,604,2014
QAT,634,2014
RUS,643,2014
RWA,646,2014
SAU,682,2014
SGP,702,2014
VNM,704,2014
ZAF,710,2014
SWZ,748,2014
CHE,756,2014
THA,764,2014
ARE,784,2014
UGA,800,2014
UKR,804,2014
MKD,807,2014
EGY,818,2014
TZA,834,2014
USA,840,2014
URY,858,2014
UZB,860,2014
VEN,862,2014
WSM,882,2014
SER,891,2014
EUN,918,2014
COM,174,2015
ATG,028,2015
TCD,148,2015
DMA,212,2015
GAB,266,2015
GUY,328,2015
HTI,332,2015
MSR,500,2015
TMP,626,2015
KNA,659,2015
AIA,660,2015
VCT,670,2015
SYC,690,2015
TJK,762,2015
ALB,008,2015
DZA,012,2015
AGO,024,2015
AZE,031,2015
ARG,032,2015
AUS,036,2015
BHS,044,2015
BHR,048,2015
BGD,050,2015
ARM,051,2015
BMU,060,2015
BTN,064,2015
BOL,068,2015
BIH,070,2015
BWA,072,2015
BRA,076,2015
BLZ,084,2015
SLB,090,2015
MMR,104,2015
BDI,108,2015
BLR,112,2015
CAN,124,2015
CPV,132,2015
CAF,140,2015
LKA,144,2015
CHL,152,2015
CHN,156,2015
TWN,158,2015
COL,170,2015
COG,178,2015
COK,184,2015
CUB,192,2015
BEN,204,2015
DOM,214,2015
ECU,218,2015
SLV,222,2015
ETH,231,2015
FJI,242,2015
PYF,258,2015
GEO,268,2015
PSE,275,2015
GRD,308,2015
GTM,320,2015
HND,340,2015
HKG,344,2015
ISL,352,2015
IND,356,2015
ISR,376,2015
CIV,384,2015
JAM,388,2015
JPN,392,2015
KAZ,398,2015
JOR,400,2015
KEN,404,2015
KOR,410,2015
KWT,414,2015
KGZ,417,2015
LAO,418,2015
LBN,422,2015
LSO,426,2015
LIE,438,2015
MAC,446,2015
MDG,450,2015
MWI,454,2015
MDV,462,2015
MLI,466,2015
MRT,478,2015
MUS,480,2015
MEX,484,2015
MNG,496,2015
MDA,498,2015
MNT,499,2015
MAR,504,2015
OMN,512,2015
NAM,516,2015
NPL,524,2015
ABW,533,2015
VUT,548,2015
NZL,554,2015
NIC,558,2015
NER,562,2015
NGA,566,2015
NOR,578,2015
PLW,585,2015
PAK,586,2015
PAN,591,2015
PRY,600,2015
PER,604,2015
PHL,608,2015
QAT,634,2015
RUS,643,2015
RWA,646,2015
LCA,662,2015
SPM,666,2015
STP,678,2015
SAU,682,2015
SEN,686,2015
SGP,702,2015
VNM,704,2015
ZAF,710,2015
ZWE,716,2015
SWZ,748,2015
CHE,756,2015
THA,764,2015
TGO,768,2015
TON,776,2015
ARE,784,2015
TUN,788,2015
TUR,792,2015
UGA,800,2015
UKR,804,2015
MKD,807,2015
EGY,818,2015
TZA,834,2015
USA,840,2015
BFA,854,2015
URY,858,2015
UZB,860,2015
VEN,862,2015
WLF,876,2015
WSM,882,2015
YEM,887,2015
SER,891,2015
ZMB,894,2015
EUN,918,2015
CYM,136,2016
ATG,028,2016
TCD,148,2016
DMA,212,2016
GAB,266,2016
GUY,328,2016
MSR,500,2016
MOZ,508,2016
KNA,659,2016
AIA,660,2016
VCT,670,2016
SYC,690,2016
TJK,762,2016
ALB,008,2016
DZA,012,2016
AGO,024,2016
ARG,032,2016
AUS,036,2016
BHS,044,2016
BHR,048,2016
BGD,050,2016
ARM,051,2016
BMU,060,2016
BOL,068,2016
BIH,070,2016
BWA,072,2016
BRA,076,2016
BLZ,084,2016
SLB,090,2016
BRN,096,2016
BDI,108,2016
BLR,112,2016
KHM,116,2016
CAN,124,2016
CAF,140,2016
CHL,152,2016
CHN,156,2016
TWN,158,2016
COL,170,2016
COK,184,2016
CRI,188,2016
CUB,192,2016
BEN,204,2016
DOM,214,2016
ECU,218,2016
PYF,258,2016
GEO,268,2016
PSE,275,2016
GHA,288,2016
GRD,308,2016
HTI,332,2016
HKG,344,2016
ISL,352,2016
IND,356,2016
IDN,360,2016
ISR,376,2016
CIV,384,2016
JAM,388,2016
JPN,392,2016
KAZ,398,2016
JOR,400,2016
KEN,404,2016
KOR,410,2016
KWT,414,2016
KGZ,417,2016
LAO,418,2016
LBN,422,2016
LSO,426,2016
LIE,438,2016
MAC,446,2016
MDG,450,2016
MWI,454,2016
MYS,458,2016
MDV,462,2016
MLI,466,2016
MUS,480,2016
MEX,484,2016
MDA,498,2016
MNT,499,2016
MAR,504,2016
OMN,512,2016
NAM,516,2016
NRU,520,2016
NPL,524,2016
ABW,533,2016
VUT,548,2016
NZL,554,2016
NIC,558,2016
NER,562,2016
NGA,566,2016
NOR,578,2016
PLW,585,2016
PAK,586,2016
PRY,600,2016
PHL,608,2016
TMP,626,2016
QAT,634,2016
RUS,643,2016
RWA,646,2016
LCA,662,2016
SPM,666,2016
STP,678,2016
SEN,686,2016
SGP,702,2016
VNM,704,2016
ZAF,710,2016
ZWE,716,2016
SWZ,748,2016
CHE,756,2016
TGO,768,2016
TON,776,2016
ARE,784,2016
TUN,788,2016
TUR,792,2016
UGA,800,2016
UKR,804,2016
MKD,807,2016
EGY,818,2016
TZA,834,2016
USA,840,2016
BFA,854,2016
URY,858,2016
VEN,862,2016
WLF,876,2016
WSM,882,2016
YEM,887,2016
SER,891,2016
ZMB,894,2016
EUN,918,2016
CYM,136,2017
ATG,028,2017
DMA,212,2017
GUY,328,2017
MSR,500,2017
KNA,659,2017
AIA,660,2017
VCT,670,2017
SYC,690,2017
TJK,762,2017
ARG,032,2017
BLZ,084,2017
SLB,090,2017
CAF,140,2017
LKA,144,2017
COM,174,2017
COK,184,2017
CUB,192,2017
ECU,218,2017
PYF,258,2017
GHA,288,2017
LAO,418,2017
MEX,484,2017
NRU,520,2017
ABW,533,2017
PLW,585,2017
PHL,608,2017
SPM,666,2017
SGP,702,2017
VNM,704,2017
TON,776,2017
UKR,804,2017
EGY,818,2017
WLF,876,2017
WSM,882,2017
ALB,008,2017
DZA,012,2017
AUS,036,2017
BHR,048,2017
ARM,051,2017
BMU,060,2017
BOL,068,2017
BIH,070,2017
BWA,072,2017
BRA,076,2017
BRN,096,2017
BLR,112,2017
CAN,124,2017
CHL,152,2017
CHN,156,2017
TWN,158,2017
COL,170,2017
BEN,204,2017
DOM,214,2017
SLV,222,2017
FJI,242,2017
PSE,275,2017
GIN,324,2017
HKG,344,2017
ISL,352,2017
IND,356,2017
IDN,360,2017
ISR,376,2017
CIV,384,2017
JPN,392,2017
KAZ,398,2017
JOR,400,2017
KOR,410,2017
KWT,414,2017
KGZ,417,2017
LBN,422,2017
LSO,426,2017
LIE,438,2017
MAC,446,2017
MDG,450,2017
MDV,462,2017
MLI,466,2017
MUS,480,2017
MNG,496,2017
MNT,499,2017
MAR,504,2017
OMN,512,2017
NAM,516,2017
VUT,548,2017
NZL,554,2017
NIC,558,2017
NER,562,2017
NOR,578,2017
PRY,600,2017
PER,604,2017
GNB,624,2017
QAT,634,2017
RUS,643,2017
SAU,682,2017
SEN,686,2017
ZAF,710,2017
SUD,729,2017
SDN,736,2017
SWZ,748,2017
CHE,756,2017
TGO,768,2017
ARE,784,2017
TUR,792,2017
TUV,798,2017
MKD,807,2017
USA,840,2017
BFA,854,2017
URY,858,2017
VEN,862,2017
YEM,887,2017
SER,891,2017
EUN,918,2017
CYM,136,2018
ATG,028,2018
GUY,328,2018
MSR,500,2018
KNA,659,2018
AIA,660,2018
VCT,670,2018
SUR,740,2018
AFG,004,2018
BHS,044,2018
SLB,090,2018
COM,174,2018
ETH,231,2018
PYF,258,2018
LAO,418,2018
MRT,478,2018
MEX,484,2018
NRU,520,2018
ABW,533,2018
PLW,585,2018
SGP,702,2018
UKR,804,2018
EGY,818,2018
WLF,876,2018
WSM,882,2018
ALB,008,2018
DZA,012,2018
AGO,024,2018
ARG,032,2018
AUS,036,2018
BHR,048,2018
ARM,051,2018
BMU,060,2018
BOL,068,2018
BIH,070,2018
BWA,072,2018
BRA,076,2018
BLZ,084,2018
BRN,096,2018
BDI,108,2018
BLR,112,2018
CAN,124,2018
LKA,144,2018
CHL,152,2018
CHN,156,2018
TWN,158,2018
COL,170,2018
COK,184,2018
CRI,188,2018
BEN,204,2018
DOM,214,2018
ECU,218,2018
SLV,222,2018
FJI,242,2018
GMB,270,2018
GHA,288,2018
GIN,324,2018
HND,340,2018
HKG,344,2018
IND,356,2018
IDN,360,2018
CIV,384,2018
JPN,392,2018
KAZ,398,2018
KEN,404,2018
KOR,410,2018
KWT,414,2018
KGZ,417,2018
LBN,422,2018
LSO,426,2018
LBR,430,2018
LIE,438,2018
MAC,446,2018
MDG,450,2018
MDV,462,2018
MLI,466,2018
MUS,480,2018
MNG,496,2018
MNT,499,2018
MOZ,508,2018
OMN,512,2018
NAM,516,2018
NPL,524,2018
NIC,558,2018
NER,562,2018
NOR,578,2018
PAK,586,2018
PNG,598,2018
PRY,600,2018
PER,604,2018
PHL,608,2018
GNB,624,2018
QAT,634,2018
RUS,643,2018
RWA,646,2018
SPM,666,2018
STP,678,2018
SEN,686,2018
SYC,690,2018
VNM,704,2018
ZAF,710,2018
SWZ,748,2018
CHE,756,2018
TGO,768,2018
ARE,784,2018
TUR,792,2018
UGA,800,2018
MKD,807,2018
TZA,834,2018
USA,840,2018
BFA,854,2018
URY,858,2018
VEN,862,2018
SER,891,2018
ZMB,894,2018
EUN,918,2018
CYM,136,2019
ATG,028,2019
GAB,266,2019
MSR,500,2019
KNA,659,2019
VCT,670,2019
SUR,740,2019
CPV,132,2019
ZAR,180,2019
KIR,296,2019
GRD,308,2019
MRT,478,2019
ABW,533,2019
LCA,662,2019
UKR,804,2019
WLF,876,2019
ALB,008,2019
DZA,012,2019
AGO,024,2019
AZE,031,2019
ARG,032,2019
AUS,036,2019
BHR,048,2019
BGD,050,2019
ARM,051,2019
BMU,060,2019
BTN,064,2019
BOL,068,2019
BIH,070,2019
BWA,072,2019
BRA,076,2019
BLZ,084,2019
SLB,090,2019
BRN,096,2019
MMR,104,2019
BDI,108,2019
BLR,112,2019
CMR,120,2019
CAN,124,2019
LKA,144,2019
CHL,152,2019
CHN,156,2019
TWN,158,2019
COL,170,2019
COM,174,2019
COK,184,2019
CRI,188,2019
CUB,192,2019
BEN,204,2019
ECU,218,2019
SLV,222,2019
FJI,242,2019
PYF,258,2019
GHA,288,2019
GIN,324,2019
GUY,328,2019
HKG,344,2019
ISL,352,2019
IND,356,2019
IDN,360,2019
IRN,364,2019
CIV,384,2019
JPN,392,2019
KAZ,398,2019
KEN,404,2019
KWT,414,2019
KGZ,417,2019
LAO,418,2019
LBN,422,2019
LSO,426,2019
LIE,438,2019
MAC,446,2019
MDG,450,2019
MWI,454,2019
MDV,462,2019
MLI,466,2019
MUS,480,2019
MNG,496,2019
MNT,499,2019
MAR,504,2019
OMN,512,2019
NAM,516,2019
NRU,520,2019
NPL,524,2019
NZL,554,2019
NIC,558,2019
NER,562,2019
NOR,578,2019
FSM,583,2019
PLW,585,2019
PAK,586,2019
PNG,598,2019
PRY,600,2019
PER,604,2019
PHL,608,2019
GNB,624,2019
QAT,634,2019
RUS,643,2019
RWA,646,2019
AIA,660,2019
SPM,666,2019
STP,678,2019
SEN,686,2019
SYC,690,2019
SGP,702,2019
VNM,704,2019
ZAF,710,2019
SWZ,748,2019
CHE,756,2019
TGO,768,2019
ARE,784,2019
TUR,792,2019
UGA,800,2019
MKD,807,2019
EGY,818,2019
TZA,834,2019
USA,840,2019
BFA,854,2019
URY,858,2019
VEN,862,2019
EUN,918,2019
CYM,136,2020
ATG,028,2020
MSR,500,2020
VCT,670,2020
SUR,740,2020
ZAR,180,2020
GEO,268,2020
LCA,662,2020
SYR,760,2020
TJK,762,2020
UKR,804,2020
WLF,876,2020
ALB,008,2020
DZA,012,2020
AGO,024,2020
AZE,031,2020
ARG,032,2020
AUS,036,2020
BHR,048,2020
BGD,050,2020
ARM,051,2020
BRB,052,2020
BMU,060,2020
BTN,064,2020
BOL,068,2020
BIH,070,2020
BWA,072,2020
BRA,076,2020
BLZ,084,2020
SLB,090,2020
BRN,096,2020
BDI,108,2020
BLR,112,2020
KHM,116,2020
CAN,124,2020
CPV,132,2020
LKA,144,2020
CHL,152,2020
CHN,156,2020
TWN,158,2020
COL,170,2020
COM,174,2020
COK,184,2020
CRI,188,2020
CUB,192,2020
BEN,204,2020
DMA,212,2020
DOM,214,2020
ECU,218,2020
SLV,222,2020
FJI,242,2020
PYF,258,2020
GMB,270,2020
GHA,288,2020
GIB,292,2020
KIR,296,2020
GTM,320,2020
GIN,324,2020
GUY,328,2020
HTI,332,2020
HND,340,2020
HKG,344,2020
IND,356,2020
IDN,360,2020
IRN,364,2020
CIV,384,2020
JAM,388,2020
JPN,392,2020
KAZ,398,2020
JOR,400,2020
KEN,404,2020
KOR,410,2020
KWT,414,2020
KGZ,417,2020
LAO,418,2020
LBN,422,2020
LSO,426,2020
LBR,430,2020
LBY,434,2020
LIE,438,2020
MAC,446,2020
MDG,450,2020
MWI,454,2020
MYS,458,2020
MDV,462,2020
MLI,466,2020
MRT,478,2020
MUS,480,2020
MNG,496,2020
MDA,498,2020
MNT,499,2020
MAR,504,2020
MOZ,508,2020
OMN,512,2020
NAM,516,2020
NRU,520,2020
NPL,524,2020
VUT,548,2020
NZL,554,2020
NIC,558,2020
NER,562,2020
NGA,566,2020
NOR,578,2020
FSM,583,2020
PLW,585,2020
PAK,586,2020
PAN,591,2020
PNG,598,2020
PRY,600,2020
PER,604,2020
PHL,608,2020
GNB,624,2020
TMP,626,2020
QAT,634,2020
RUS,643,2020
RWA,646,2020
KNA,659,2020
AIA,660,2020
SPM,666,2020
SAU,682,2020
SEN,686,2020
SYC,690,2020
SLE,694,2020
SGP,702,2020
VNM,704,2020
ZAF,710,2020
SDN,736,2020
SWZ,748,2020
CHE,756,2020
TGO,768,2020
TON,776,2020
ARE,784,2020
TUR,792,2020
UGA,800,2020
MKD,807,2020
TZA,834,2020
USA,840,2020
BFA,854,2020
URY,858,2020
UZB,860,2020
VEN,862,2020
WSM,882,2020
ZMB,894,2020
EUN,918,2020
CYM,136,2021
ATG,028,2021
MSR,500,2021
VCT,670,2021
SUR,740,2021
ANT,530,2021
ABW,533,2021
TJK,762,2021
TTO,780,2021
WLF,876,2021
ALB,008,2021
DZA,012,2021
AGO,024,2021
AZE,031,2021
ARG,032,2021
AUS,036,2021
BHR,048,2021
BGD,050,2021
ARM,051,2021
BRB,052,2021
BMU,060,2021
BTN,064,2021
BOL,068,2021
BIH,070,2021
BWA,072,2021
BRA,076,2021
BLZ,084,2021
SLB,090,2021
BRN,096,2021
MMR,104,2021
BDI,108,2021
BLR,112,2021
KHM,116,2021
CAN,124,2021
CPV,132,2021
LKA,144,2021
CHL,152,2021
CHN,156,2021
TWN,158,2021
COL,170,2021
COM,174,2021
COK,184,2021
CRI,188,2021
CUB,192,2021
BEN,204,2021
DOM,214,2021
ECU,218,2021
SLV,222,2021
ETH,231,2021
FJI,242,2021
PYF,258,2021
GEO,268,2021
GMB,270,2021
GHA,288,2021
GIB,292,2021
KIR,296,2021
GTM,320,2021
GIN,324,2021
GUY,328,2021
HND,340,2021
HKG,344,2021
ISL,352,2021
IND,356,2021
IDN,360,2021
ISR,376,2021
CIV,384,2021
JAM,388,2021
JPN,392,2021
KAZ,398,2021
KEN,404,2021
KOR,410,2021
KWT,414,2021
KGZ,417,2021
LAO,418,2021
LSO,426,2021
LBR,430,2021
LBY,434,2021
LIE,438,2021
MAC,446,2021
MDG,450,2021
MWI,454,2021
MYS,458,2021
MDV,462,2021
MLI,466,2021
MRT,478,2021
MUS,480,2021
MNG,496,2021
MDA,498,2021
MNT,499,2021
MAR,504,2021
MOZ,508,2021
OMN,512,2021
NAM,516,2021
NRU,520,2021
NPL,524,2021
VUT,548,2021
NZL,554,2021
NIC,558,2021
NER,562,2021
NGA,566,2021
NOR,578,2021
FSM,583,2021
PLW,585,2021
PAK,586,2021
PAN,591,2021
PNG,598,2021
PRY,600,2021
PER,604,2021
PHL,608,2021
GNB,624,2021
TMP,626,2021
QAT,634,2021
RUS,643,2021
RWA,646,2021
AIA,660,2021
SPM,666,2021
SEN,686,2021
SYC,690,2021
SLE,694,2021
SGP,702,2021
VNM,704,2021
ZAF,710,2021
ZWE,716,2021
SDN,736,2021
SWZ,748,2021
CHE,756,2021
THA,764,2021
TGO,768,2021
TON,776,2021
ARE,784,2021
TUR,792,2021
UGA,800,2021
UKR,804,2021
MKD,807,2021
GBR,826,2021
TZA,834,2021
USA,840,2021
BFA,854,2021
URY,858,2021
UZB,860,2021
VEN,862,2021
SER,891,2021
ZMB,894,2021
EUN,918,2021
