task,model,fset,mean,test_F1,test_F2,test_F3,skill,dref_diff,dref_lo,dref_hi,dref_p_le_0,dref_B
D,D06,S6,0.07397272234264109,0.07845871023001158,0.07015926077217534,0.07330019602573634,0.1056977050118193,-0.0088423365681318,-0.009628054864327145,-0.008011068907766587,1.0,1000
D,D06,S4,0.07417621712370058,0.07895475425989497,0.07021255565067919,0.07336134146052757,0.10323752991002078,-0.008645794180947667,-0.00944526081200053,-0.007848999083385814,1.0,1000
D,D04,S6,0.07417651910966573,0.07868168253241921,0.07062350409920029,0.07322437069737771,0.10323387901367498,-0.008648036690383836,-0.009466668719186997,-0.007794169747842831,1.0,1000
D,D05,S6,0.07431630149434977,0.07860307249183535,0.07046880563984576,0.07387702635136822,0.10154396273828337,-0.008489463316572332,-0.009396585510117204,-0.007636545168252632,1.0,1000
D,D04,S4,0.0743323749309967,0.07915401167669851,0.07047618499479716,0.07336692812149442,0.10134964095551702,-0.008494995692323775,-0.009291356937364317,-0.007675828881655594,1.0,1000
D,D05,S4,0.07440813256403402,0.07900418843167956,0.07076544852458254,0.07345476073583992,0.10043375976387559,-0.008417144853459064,-0.009272820556826109,-0.007575327211054996,1.0,1000
D,D01,S6,0.07445420776742516,0.07899031811691527,0.07105119579066692,0.0733211093946933,0.09987672794417468,-0.008376632542175884,-0.009208027832122935,-0.007562263115521808,1.0,1000
D,D01,S4,0.07461923509730191,0.07937894779729178,0.07099170196709612,0.07348705552751784,0.09788160980912841,-0.008213249014910148,-0.008983921539548224,-0.007402075795021313,1.0,1000
D,D06,S1,0.07906880041354915,0.08223917998149065,0.07519394796922457,0.07977327328993222,0.04408804445151149,-0.0036903458308524474,-0.0042238103277015045,-0.0031302836284211083,1.0,1000
D,D05,S1,0.07914156923917105,0.08230058755554442,0.07556867414706707,0.07955544601490164,0.04320829681351279,-0.003627212312255114,-0.004243204675640641,-0.002952777764267164,1.0,1000
D,D01,S1,0.07930634819099147,0.08256473987978528,0.07558160884247704,0.0797726958507121,0.04121618147542694,-0.0034614223932088626,-0.004081959394092309,-0.0027793494004337595,1.0,1000
D,D04,S1,0.07933381596538976,0.08242838285439182,0.07578581210125948,0.07978725294051797,0.0408841064495975,-0.003433159636686222,-0.004037706218405899,-0.0027987551820237177,1.0,1000
L,L09,S6,0.09180623198463202,0.0944764544318954,0.08777780449760052,0.09316443702440015,0.2980512477855535,-0.0389991726461311,-0.040515447563746934,-0.037497177389540136,1.0,1000
L,L09,S4,0.09220445216820249,0.09472364855473657,0.08760842369925326,0.0942812842506176,0.2950064636252506,-0.03857578351459845,-0.040073560161335564,-0.03717908680843284,1.0,1000
L,L05,S6,0.09256210019604706,0.09479268962237686,0.08848665501715587,0.09440695594860848,0.29227189341742976,-0.038223733760350466,-0.03966929570890058,-0.036795453789144415,1.0,1000
L,L05,S4,0.09259936719665098,0.0948434505904416,0.08848491797119316,0.09446973302831818,0.29198695061989655,-0.03818571452573,-0.03959418400048411,-0.03677667706685893,1.0,1000
L,L07,S6,0.09331739245110769,0.09585020542889482,0.08834812306396304,0.09575384886046519,0.2864969428009423,-0.037450915803238415,-0.038819351027478084,-0.036122767482936885,1.0,1000
L,L07,S4,0.0935778826518091,0.09656904096638602,0.08879111552278633,0.09537349146625489,0.2845052395429647,-0.03721529434163839,-0.03854278177390982,-0.035988365396253434,1.0,1000
L,L08,S6,0.09389171940101709,0.09693112479014154,0.08903127216214128,0.09571276125076843,0.2821056495615082,-0.036900968169321154,-0.038114958199100685,-0.035754319908388295,1.0,1000
L,L02,S6,0.09415458583484874,0.09791396298991192,0.08899664898961064,0.09555314552502367,0.2800957776689543,-0.036657625380955745,-0.03788894496882405,-0.035510395271440225,1.0,1000
L,L08,S4,0.09452076982638831,0.09754593823627017,0.08940035766572962,0.09661601357716514,0.2772959416405557,-0.036262639096634894,-0.037439202527247806,-0.035162666345239554,1.0,1000
L,L02,S4,0.09529848405093237,0.09908848951654854,0.08968737277709322,0.09711958985915532,0.27134955305999053,-0.03549982250273011,-0.036599919789009235,-0.03448018276753138,1.0,1000
L,L07,S1,0.09801884364661606,0.10007467484034523,0.0935291918944452,0.10045266420505777,0.25054973389211077,-0.03274598079568278,-0.033979125218710236,-0.031551951363693806,1.0,1000
L,L08,S1,0.09824292296713229,0.10032682228484513,0.09368923051960525,0.10071271609694649,0.24883642755077484,-0.03252090839277156,-0.033774863459690205,-0.03131208596527062,1.0,1000
L,L02,S1,0.09852404700930036,0.10099147758540543,0.09369876189882655,0.10088190154366908,0.24668695832247245,-0.032246400849155206,-0.033464957352067136,-0.031044478329503192,1.0,1000
L,L09,S1,0.09874941717179896,0.10023082014423645,0.09530031214153833,0.10071711922962208,0.2449637822272076,-0.03202669709833907,-0.03354566234380025,-0.030565302937508344,1.0,1000
L,L05,S1,0.09883133353363356,0.10020763766931244,0.09513421352742756,0.10115214940416073,0.24433745123929196,-0.03193218208566391,-0.03350376703857714,-0.030399324607640416,1.0,1000
