feature,block,null_share_2005_2025,null_share_b0,first_year_nonnull_50pct,mean,sd,min,max,n_unique
age_obs,D,0.0,0.0,2002.0,7.295435428619385,6.240215301513672,1.0,24.0,24
log_age,D,0.0,0.0,2002.0,1.5438284873962402,1.0165926218032837,0.0,3.178053855895996,24
known_start,D,0.0,0.0,2002.0,0.6720851063728333,0.46945467591285706,0.0,1.0,2
log_value,R,0.0,0.0,2002.0,12.019604682922363,2.023530960083008,9.210440635681152,22.062095642089844,204075
log_value_lag,R,0.1784391689998353,0.16807493734679066,2003.0,11.97142505645752,2.6534671783447266,0.0,22.062095642089844,166093
log_initial_value,R,0.0,0.0,2002.0,11.06423282623291,1.5379654169082642,9.210440635681152,19.209796905517578,39657
vn_market_share_lag1,R,0.1923675975813472,0.18121499294723437,2003.0,0.8872800469398499,0.9136053919792175,0.0,4.6151204109191895,63358
volatility_3y_lag1,R,0.2640613603745618,0.2490174059517125,2004.0,0.8527829051017761,1.3129717111587524,0.0,12.667462348937988,159171
unit_value_lag1,R,0.19460273392466415,0.1827624929814711,2003.0,2.7931668758392334,1.5134592056274414,0.014593002386391163,18.00880241394043,144152
log_gdp_d_lag1,M,0.0,0.0,2003.0,27.030561447143555,1.369301676750183,22.217321395874023,29.175514221191406,621
log_gdpcap_d_lag1,M,0.0,0.0,2003.0,10.416414260864258,0.5601860284805298,7.646396636962891,11.833425521850586,621
importer_gdp_growth_lag1,M,0.0,0.0,2003.0,1.8283751010894775,3.4182143211364746,-16.040019989013672,24.623985290527344,621
importer_inflation_lag1,M,0.0,0.0,2003.0,2.6970443725585938,2.931899309158325,-4.44754695892334,22.539886474609375,621
log_total_import_cp_lag1,M,0.1923675975813472,0.18121499294723437,2003.0,17.245254516601562,1.9126542806625366,7.955323219299316,24.138572692871094,174685
log_dist,M,0.0,0.0,2002.0,9.154440879821777,0.0739666223526001,8.964056015014648,9.342683792114258,27
log_n_products_to_c_lag1,E,0.0,0.0,2003.0,6.144240379333496,0.724870502948761,0.6931471824645996,7.26122522354126,416
log_n_markets_for_p_lag1,E,0.005204338517281133,0.003663329727064817,2003.0,3.357023000717163,0.8091468214988708,0.6931471824645996,4.795790672302246,118
log_n_markets_eu27_for_p_lag1,E,0.0,0.0,2003.0,2.2476999759674072,0.8285632729530334,0.0,3.332204580307007,28
hs2_share_lag1,E,0.017424652377479238,0.0149272127196286,2003.0,0.05806366726756096,0.10712947696447372,9.946890031642397e-07,1.0,27914
log_rca_lag,E,0.004512622638401995,0.0032593363552950523,2003.0,1.0914114713668823,0.8690730333328247,0.0,4.616735935211182,19732
vn_product_growth_lag,E,0.0077265134225819355,0.005477876227386642,2004.0,29.258243560791016,75.76007080078125,-99.9979019165039,500.0,34931
world_growth_lag1,E,0.004451450485848058,0.003252489010010819,2004.0,5.460417747497559,21.888912200927734,-98.93350219726562,500.0,35534
tariff_applied_lag,P,0.008314707197139025,0.0014105531285520604,2003.0,2.5429351329803467,4.004782199859619,0.0,52.400001525878906,841
pref_margin_lag,P,0.008314707197139025,0.0014105531285520604,2003.0,3.0653016567230225,2.93237566947937,0.0,46.8125,1494
evfta_cut_cum_pp_lag,P,0.008314707197139025,0.0014105531285520604,2003.0,1.4764827489852905,3.169429063796997,0.0,46.8125,501
log_ntm_sps_survey,N,0.16601651648118956,0.0027252434231248546,2010.0,0.5572519898414612,1.184570550918579,0.0,5.955837249755859,146
log_ntm_tbt_survey,N,0.16601651648118956,0.0027252434231248546,2010.0,2.2488255500793457,0.9783034920692444,0.0,6.098074436187744,163
log_ntm_other_survey,N,0.16601651648118956,0.0027252434231248546,2010.0,1.131888747215271,0.8141456842422485,0.0,5.308267593383789,54
ntm_source_age,N,0.16601651648118956,0.0027252434231248546,2010.0,0.05924935266375542,0.2360914647579193,0.0,1.0,2
ntm6_observed,N,0.008314707197139025,0.0014105531285520604,2002.0,0.7497215867042542,0.4331742823123932,0.0,1.0,2
ntm6_mappable,N,0.008314707197139025,0.0014105531285520604,2002.0,0.99808269739151,0.04374479502439499,0.0,1.0,2
pci,C,0.0,0.0,2002.0,-0.28548091650009155,0.9446664452552795,-4.8470001220703125,2.4600000381469727,3847
importer_eci,C,0.0,0.0,2002.0,1.1573513746261597,0.2607199549674988,0.3019999861717224,1.6480000019073486,481
log_importer_diversity,C,0.0,0.0,2002.0,5.92338228225708,0.3683917820453644,4.219507694244385,6.890609264373779,337
importer_lpi_overall,L,0.05617956379549679,0.0,2007.0,3.7224886417388916,0.3554980754852295,2.7100000381469727,4.225966930389404,130
lpi_age,L,0.05617956379549679,0.0,2007.0,1.1262264251708984,1.033889651298523,0.0,3.0,4
n_prior_spells,H,0.0,0.0,2002.0,0.21667659282684326,0.37134692072868347,0.0,1.7917594909667969,6
years_since_prior_exit,H,0.7109427569818602,0.6631790854685639,,2.0946974754333496,0.5304202437400818,1.0986123085021973,3.1354942321777344,21
log_active_years_prefix,H,0.0,0.0,2002.0,1.9280441999435425,0.7501235008239746,0.6931471824645996,3.2188758850097656,24
bilateral_growth_lag1,H,0.2640613603745618,0.2490174059517125,2004.0,0.00123548973351717,2.230642080307007,-17.91449737548828,18.229063034057617,159186
trend_3y_lag1,H,0.2640613603745618,0.2490174059517125,2004.0,0.008792025037109852,1.4726248979568481,-17.91449737548828,9.188274383544922,159136
hhi_dest_p_lag1,H,0.004926711055690186,0.003437367332685118,2003.0,0.2868362069129944,0.19630266726016998,0.03955349698662758,1.0,36183
hhi_prod_c_lag1,H,0.0,0.0,2003.0,0.10001035034656525,0.09407064318656921,0.018070625141263008,1.0,621
