cell,state,model,task,fset,fold,stage,group,variant,reason,m_brier_1y,m_calib_in_large,m_calib_intercept,m_calib_slope,m_event_rate,m_events,m_logloss,m_mean_pred,m_n,m_pr_auc,m_roc_auc,n_trials,n_failed,best_trial,best_params,runtime_s,peak_rss_mb,eval_hash,train_rows,n_cols,budget_curve,info,m_antolini_ctd,m_brier_1,m_brier_2,m_brier_3,m_ibs_1_3,m_ipcw_support_1,m_ipcw_support_2,m_ipcw_support_3,m_ipcw_support_4,m_ipcw_support_5,m_km_S1,m_km_S3,m_mean_pred_S1,m_mean_pred_S3,m_td_auc_1,m_td_auc_3,not_converged
F2__D00__REF__valid,done,D00,D,REF,F2,valid,reference,,,0.08875637844568345,-0.15532081541574513,-0.20369431554917905,0.9617420522744126,0.12029646522234892,1266.0,0.2915439613808173,0.13420060949709656,10524.0,0.3265566483738256,0.8218710635641708,1.0,0.0,0.0,{},0.5,349.0,c9ca342e1fcf9739,76355.0,0.0,[0.08875637844568345],{},,,,,,,,,,,,,,,,,False
F2__D01__S1__valid,done,D01,D,S1,F2,valid,B_feature_sweep,,,0.08311639693736225,-0.22665213049559946,-0.11827591032057326,1.1052945869850181,0.12029646522234892,1266.0,0.26532016126576535,0.1403594120009854,10524.0,0.4111182193367071,0.869040208425692,3.0,0.0,1.0,"{""ridge"": 0.001}",0.5,2395.0,c9ca342e1fcf9739,76355.0,11.0,"[0.08341790877094526, 0.08311639693736225, 0.08311639693736225]","{""converged"": true, ""iter"": 5}",,,,,,,,,,,,,,,,,False
F2__D01__S2__valid,done,D01,D,S2,F2,valid,B_feature_sweep,,,0.08236000908125309,-0.083444107190586,0.05814583175897213,1.1207495522413342,0.12029646522234892,1266.0,0.26289726971385785,0.12747223639194794,10524.0,0.4246788725078154,0.8696807457757384,3.0,0.0,1.0,"{""ridge"": 0.001}",0.6,2395.0,c9ca342e1fcf9739,76355.0,17.0,"[0.08262065208003076, 0.08236000908125309, 0.08236000908125309]","{""converged"": true, ""iter"": 5}",,,,,,,,,,,,,,,,,False
F2__D01__S3__valid,done,D01,D,S3,F2,valid,B_feature_sweep,,,0.07840980949838347,0.034996510144573084,0.24919091268978988,1.1629987844379086,0.12029646522234892,1266.0,0.2526139364198173,0.11745704444496363,10524.0,0.4926553482259861,0.8828806784073345,3.0,0.0,1.0,"{""ridge"": 0.001}",0.8,2395.0,c9ca342e1fcf9739,76355.0,29.0,"[0.07867959795913233, 0.07840980949838347, 0.07840980949838347]","{""converged"": true, ""iter"": 6}",,,,,,,,,,,,,,,,,False
F2__D01__S4__valid,done,D01,D,S4,F2,valid,A_method_sweep,,,0.07846107151686489,0.03909986483185906,0.25384354968212225,1.1627693381888096,0.12029646522234892,1266.0,0.2527928414030427,0.11712590416646904,10524.0,0.49153824050322553,0.8827450201473848,3.0,0.0,1.0,"{""ridge"": 0.001}",1.0,450.0,c9ca342e1fcf9739,76355.0,32.0,"[0.07873295694170053, 0.07846107151686489, 0.07846107151686489]","{""converged"": true, ""iter"": 6}",,,,,,,,,,,,,,,,,False
F2__D01__S5__valid,done,D01,D,S5,F2,valid,B_feature_sweep,,,0.07845784333079206,0.06889243493766675,0.27376138705846725,1.1526214476930903,0.12029646522234892,1266.0,0.2524680848421632,0.11477276576968014,10524.0,0.492189533631075,0.8831467904279531,3.0,0.0,1.0,"{""ridge"": 0.001}",1.0,2395.0,c9ca342e1fcf9739,76355.0,38.0,"[0.5625458745015639, 0.07845784333079206, 0.07845784333079206]","{""converged"": true, ""iter"": 6}",,,,,,,,,,,,,,,,,False
F2__D01__S6__valid,done,D01,D,S6,F2,valid,B_feature_sweep,,,0.07820170472290511,-0.036155691256347613,0.1497040863933841,1.1497067990911651,0.12029646522234892,1266.0,0.25220816371222976,0.12326262629456657,10524.0,0.4918943079827487,0.8836647660859127,3.0,0.0,1.0,"{""ridge"": 0.001}",1.0,2395.0,c9ca342e1fcf9739,76355.0,35.0,"[0.07848407433229566, 0.07820170472290511, 0.07820170472290511]","{""converged"": true, ""iter"": 6}",,,,,,,,,,,,,,,,,False
F2__D01__S7__valid,done,D01,D,S7,F2,valid,B_feature_sweep,,,0.07828756024260226,-0.06145817472924812,0.07561007673532674,1.1132424620901424,0.12029646522234892,1266.0,0.25225121855588156,0.1253044928990255,10524.0,0.49077157454606457,0.8832910659735981,3.0,0.0,1.0,"{""ridge"": 0.001}",0.9,2395.0,c9ca342e1fcf9739,76355.0,35.0,"[0.07857532959385019, 0.07828756024260226, 0.07828756024260226]","{""converged"": true, ""iter"": 6}",,,,,,,,,,,,,,,,,False
F2__D01__S8__valid,done,D01,D,S8,F2,valid,B_feature_sweep,,,0.07806139631577097,-0.06403260126217368,0.052133738826766626,1.0966666091238737,0.12029646522234892,1266.0,0.2515506070815932,0.12547295540665518,10524.0,0.4922618824886751,0.8839412017854333,3.0,0.0,1.0,"{""ridge"": 0.001}",1.4,2424.0,c9ca342e1fcf9739,76355.0,53.0,"[0.5590638545882908, 0.07806139631577097, 0.07806139631577097]","{""converged"": true, ""iter"": 6}",,,,,,,,,,,,,,,,,False
F2__D02__S1__valid,done,D02,D,S1,F2,valid,b_thin_deterministic,,,0.08308835860705904,-0.2308789678546099,-0.12223751728504681,1.107590078395025,0.12029646522234892,1266.0,0.26499202045955295,0.14078550796667222,10524.0,0.41220445419201407,0.8691391792316929,3.0,0.0,1.0,"{""ridge"": 0.001}",0.4,2424.0,c9ca342e1fcf9739,76355.0,11.0,"[0.0834106527277023, 0.08308835860705904, 0.08308835860705904]","{""converged"": true, ""iter"": 5}",,,,,,,,,,,,,,,,,False
F2__D02__S4__valid,done,D02,D,S4,F2,valid,A_method_sweep,,,0.07845326255457703,0.07713068814842446,0.2287040167487723,1.1145407326748547,0.12029646522234892,1266.0,0.252234677152218,0.1141856732563328,10524.0,0.4899625221441083,0.8825679818521669,3.0,0.0,1.0,"{""ridge"": 0.001}",0.7,450.0,c9ca342e1fcf9739,76355.0,32.0,"[0.07871463650600095, 0.07845326255457703, 0.07845326255457703]","{""converged"": true, ""iter"": 5}",,,,,,,,,,,,,,,,,False
F2__D02__S8__valid,done,D02,D,S8,F2,valid,b_thin_deterministic,,,0.07794641862441204,-0.03810000061909809,0.033510598456299986,1.0603017404855644,0.12029646522234892,1266.0,0.25062521598097287,0.12331871206102317,10524.0,0.49144965782798994,0.8840196105532911,3.0,0.0,1.0,"{""ridge"": 0.001}",1.2,2429.0,c9ca342e1fcf9739,76355.0,53.0,"[0.4353204880441538, 0.07794641862441204, 0.07794641862441204]","{""converged"": true, ""iter"": 5}",,,,,,,,,,,,,,,,,False
F2__D03__S1__valid,done,D03,D,S1,F2,valid,b_thin_deterministic,,,0.08312727089580514,-0.22623915798445945,-0.10407256361392073,1.121037708424997,0.12029646522234892,1266.0,0.26509831501345843,0.14048739190125642,10524.0,0.4103138731410261,0.8689373982349753,3.0,0.0,2.0,"{""ridge"": 0.01}",0.5,2424.0,c9ca342e1fcf9739,76355.0,11.0,"[0.08344973710505238, 0.08313579914674163, 0.08312727089580514]","{""converged"": true, ""iter"": 5}",,,,,,,,,,,,,,,,,False
F2__D03__S4__valid,done,D03,D,S4,F2,valid,A_method_sweep,,,0.07851656348500052,0.10112823872256163,0.18484712975992523,1.065181337830082,0.12029646522234892,1266.0,0.25168110355009676,0.11239799779856947,10524.0,0.48930328777627724,0.8821845552985729,3.0,0.0,1.0,"{""ridge"": 0.001}",0.9,450.0,c9ca342e1fcf9739,76355.0,32.0,"[0.07879290880555055, 0.07851656348500052, 0.07851656348500052]","{""converged"": true, ""iter"": 6}",,,,,,,,,,,,,,,,,False
F2__D03__S8__valid,done,D03,D,S8,F2,valid,b_thin_deterministic,,,0.0778866119566854,-0.024343408253553366,0.005108855289784973,1.02570552077932,0.12029646522234892,1266.0,0.24975145472051344,0.12220922810155398,10524.0,0.49205152967745797,0.8840672189237642,3.0,0.0,1.0,"{""ridge"": 0.001}",1.3,2430.0,c9ca342e1fcf9739,76355.0,53.0,"[0.3471546780279473, 0.0778866119566854, 0.0778866119566854]","{""converged"": true, ""iter"": 6}",,,,,,,,,,,,,,,,,False
F2__D04__S1__valid,done,D04,D,S1,F2,valid,b_thin_deterministic,,,0.08320291416491801,-0.22067511604543702,-0.16633486031769018,1.0567695444339194,0.12029646522234892,1266.0,0.26341096509963585,0.13963220594390643,10524.0,0.407754193054722,0.8693667267658353,4.0,0.0,1.0,"{""age_x"": true, ""df"": 3, ""ridge"": 0.0001}",1.2,2424.0,c9ca342e1fcf9739,76355.0,11.0,"[0.08325067263967256, 0.08320291416491801, 0.08320291416491801, 0.08320291416491801]","{""age_x"": true, ""converged"": true, ""iter"": 6, ""n_spline_vars"": 7}",,,,,,,,,,,,,,,,,False
F2__D04__S4__valid,done,D04,D,S4,F2,valid,A_method_sweep,,,0.07846947175631036,-0.04388160161989138,0.08023066574730306,1.103042830483343,0.12029646522234892,1266.0,0.25252298580270144,0.12386278957527351,10524.0,0.4851561086229366,0.8821657849732966,4.0,0.0,0.0,"{""age_x"": false, ""df"": 3, ""ridge"": 0.0001}",3.6,477.0,c9ca342e1fcf9739,76355.0,32.0,"[0.07846947175631036, 0.07846947175631036, 0.07846947175631036, 0.07846947175631036]","{""age_x"": false, ""converged"": true, ""iter"": 8, ""n_spline_vars"": 20}",,,,,,,,,,,,,,,,,False
F2__D04__S8__valid,done,D04,D,S8,F2,valid,b_thin_deterministic,,,0.0786230297712336,-0.20921949678134114,-0.19107483571171022,1.018284163426624,0.12029646522234892,1266.0,0.2520938016324114,0.13729544268762028,10524.0,0.48733266809847453,0.8842266813689506,4.0,0.0,3.0,"{""age_x"": true, ""df"": 5, ""ridge"": 0.0001}",5.2,2564.0,c9ca342e1fcf9739,76355.0,53.0,"[0.07887426947050483, 0.07885468329313544, 0.07864632292116212, 0.0786230297712336]","{""age_x"": true, ""converged"": true, ""iter"": 8, ""n_spline_vars"": 21}",,,,,,,,,,,,,,,,,False
F2__D05__S1__valid,done,D05,D,S1,F2,valid,B_feature_sweep,,,0.08294707032314254,-0.22548310469764798,-0.1309513505944092,1.0973811091864898,0.12029646522234892,1266.0,0.2631072350772285,0.14022618251722072,10524.0,0.4121659086413838,0.8701280767549316,15.0,0.0,4.0,"{""alpha"": 0.5854751355295726, ""colsample_bytree"": 0.6526645750030313, ""eta"": 0.1982088110754708, ""lambda"": 0.24380669631216753, ""max_depth"": 3, ""min_child_weight"": 82.37189558335287, ""subsample"": 0.549173416916525}",10.8,2395.0,c9ca342e1fcf9739,76355.0,11.0,"[0.08321570261773674, 0.08295812196422328, 0.08295812196422328, 0.08295812196422328, 0.08294707032314254, 0.08294707032314254, 0.08294707032314254, 0.08294707032314254, 0.08294707032314254, 0.08294707032314254, 0.08294707032314254, 0.08294707032314254, 0.08294707032314254, 0.08294707032314254, 0.08294707032314254]","{""best_iteration"": 85}",,,,,,,,,,,,,,,,,False
F2__D05__S2__valid,done,D05,D,S2,F2,valid,B_feature_sweep,,,0.08195470812824135,-0.12860017554360265,-0.06680123213625881,1.0592125235125849,0.12029646522234892,1266.0,0.25956383635936847,0.13122206321022103,10524.0,0.42209652082265825,0.8726788786402913,30.0,0.0,12.0,"{""alpha"": 7.751635283592325, ""colsample_bytree"": 0.9811266027631975, ""eta"": 0.027853058769549365, ""lambda"": 3.486752971901124, ""max_depth"": 6, ""min_child_weight"": 29.95189383261567, ""subsample"": 0.887590609786756}",34.1,2395.0,c9ca342e1fcf9739,76355.0,17.0,"[0.08305090895733412, 0.08220321317422116, 0.08220321317422116, 0.08219119421725865, 0.08219119421725865, 0.08219119421725865, 0.08219119421725865, 0.08219119421725865, 0.08219119421725865, 0.08219119421725865, 0.08219119421725865, 0.08219119421725865, 0.08195470812824135, 0.08195470812824135, 0.08195470812824135, 0.08195470812824135, 0.08195470812824135, 0.08195470812824135, 0.08195470812824135, 0.08195470812824135, 0.08195470812824135, 0.08195470812824135, 0.08195470812824135, 0.08195470812824135, 0.08195470812824135, 0.08195470812824135, 0.08195470812824135, 0.08195470812824135, 0.08195470812824135, 0.08195470812824135]","{""best_iteration"": 425}",,,,,,,,,,,,,,,,,False
F2__D05__S3__valid,done,D05,D,S3,F2,valid,B_feature_sweep,,,0.07807375650165936,-0.07780488395719068,-0.08146055546651987,0.9965780697064038,0.12029646522234892,1266.0,0.2499436890345476,0.1264098821677107,10524.0,0.4923462189932831,0.8839907725080942,15.0,0.0,9.0,"{""alpha"": 0.2219321201267234, ""colsample_bytree"": 0.7982767871318732, ""eta"": 0.01185188191976558, ""lambda"": 16.945924187895873, ""max_depth"": 4, ""min_child_weight"": 10.709722651874271, ""subsample"": 0.7679482029577558}",23.6,2395.0,c9ca342e1fcf9739,76355.0,29.0,"[0.0794889741167947, 0.07811371345648246, 0.07810039244909509, 0.07810039244909509, 0.07810039244909509, 0.07810039244909509, 0.07810039244909509, 0.07810039244909509, 0.07810039244909509, 0.07807375650165936, 0.07807375650165936, 0.07807375650165936, 0.07807375650165936, 0.07807375650165936, 0.07807375650165936]","{""best_iteration"": 1996}",,,,,,,,,,,,,,,,,False
F2__D05__S4__valid,done,D05,D,S4,F2,valid,A_method_sweep,,,0.07780262749243747,-0.07556290633423961,-0.07332005992789793,1.0020991950807094,0.12029646522234892,1266.0,0.2491186730833492,0.1262253807079213,10524.0,0.4968997200204352,0.8849289474932572,15.0,0.0,9.0,"{""alpha"": 0.2219321201267234, ""colsample_bytree"": 0.7982767871318732, ""eta"": 0.01185188191976558, ""lambda"": 16.945924187895873, ""max_depth"": 4, ""min_child_weight"": 10.709722651874271, ""subsample"": 0.7679482029577558}",30.0,534.0,c9ca342e1fcf9739,76355.0,32.0,"[0.07890740274398006, 0.07823236845355376, 0.07813381289822861, 0.07813381289822861, 0.07813381289822861, 0.07813381289822861, 0.07813381289822861, 0.07813381289822861, 0.07813381289822861, 0.07780262749243747, 0.07780262749243747, 0.07780262749243747, 0.07780262749243747, 0.07780262749243747, 0.07780262749243747]","{""best_iteration"": 1999}",,,,,,,,,,,,,,,,,False
F2__D05__S5__valid,done,D05,D,S5,F2,valid,B_feature_sweep,,,0.07775520143583248,-0.03846648973325629,-0.03467098110993914,1.0034306200378607,0.12029646522234892,1266.0,0.24896093836383862,0.12329309710650196,10524.0,0.4964450419910318,0.8848973792189293,15.0,0.0,9.0,"{""alpha"": 0.2219321201267234, ""colsample_bytree"": 0.7982767871318732, ""eta"": 0.01185188191976558, ""lambda"": 16.945924187895873, ""max_depth"": 4, ""min_child_weight"": 10.709722651874271, ""subsample"": 0.7679482029577558}",31.1,2395.0,c9ca342e1fcf9739,76355.0,38.0,"[0.07928502991885662, 0.07806200390184986, 0.07806200390184986, 0.07806200390184986, 0.07806200390184986, 0.07803776371632747, 0.07803776371632747, 0.07803776371632747, 0.07803776371632747, 0.07775520143583248, 0.07775520143583248, 0.07775520143583248, 0.07775520143583248, 0.07775520143583248, 0.07775520143583248]","{""best_iteration"": 1999}",,,,,,,,,,,,,,,,,False
F2__D05__S6__valid,done,D05,D,S6,F2,valid,B_feature_sweep,,,0.07794739306889195,-0.14945804070925645,-0.1374434529032576,1.0120844542162566,0.12029646522234892,1266.0,0.2494108006739138,0.132235598126739,10524.0,0.4965977593158536,0.8853525596068743,15.0,0.0,9.0,"{""alpha"": 0.2219321201267234, ""colsample_bytree"": 0.7982767871318732, ""eta"": 0.01185188191976558, ""lambda"": 16.945924187895873, ""max_depth"": 4, ""min_child_weight"": 10.709722651874271, ""subsample"": 0.7679482029577558}",38.2,2395.0,c9ca342e1fcf9739,76355.0,35.0,"[0.08009994116691602, 0.07881922145693109, 0.07857151443626924, 0.07827242207655065, 0.07827242207655065, 0.07827242207655065, 0.07827242207655065, 0.07827242207655065, 0.07827242207655065, 0.07794739306889195, 0.07794739306889195, 0.07794739306889195, 0.07794739306889195, 0.07794739306889195, 0.07794739306889195]","{""best_iteration"": 1999}",,,,,,,,,,,,,,,,,False
F2__D05__S7__valid,done,D05,D,S7,F2,valid,B_feature_sweep,,,0.07826281116509586,-0.15164006376527564,-0.1635708541051962,0.987998932599718,0.12029646522234892,1266.0,0.25029104175949735,0.13231292891024818,10524.0,0.494979224209932,0.8843983445255664,45.0,0.0,41.0,"{""alpha"": 0.2063131843207808, ""colsample_bytree"": 0.6764486801671016, ""eta"": 0.017998209037610662, ""lambda"": 13.39171410633568, ""max_depth"": 3, ""min_child_weight"": 4.560368540142198, ""subsample"": 0.5695802494566684}",54.0,598.0,c9ca342e1fcf9739,76355.0,35.0,"[0.0796345776825287, 0.07859772814360586, 0.07855474323459698, 0.07855474323459698, 0.07855474323459698, 0.07855474323459698, 0.07855474323459698, 0.07844837622760353, 0.07844837622760353, 0.07844837622760353, 0.07844837622760353, 0.07844770593351266, 0.07844671839452841, 0.0783168916621393, 0.0783168916621393, 0.0783168916621393, 0.0783168916621393, 0.0783168916621393, 0.0783168916621393, 0.0783168916621393, 0.0783168916621393, 0.0783168916621393, 0.0783168916621393, 0.0783168916621393, 0.07830191091132427, 0.07830191091132427, 0.07830191091132427, 0.07830191091132427, 0.07830191091132427, 0.07830191091132427, 0.07830191091132427, 0.07830191091132427, 0.07830191091132427, 0.07830191091132427, 0.07830191091132427, 0.07830191091132427, 0.07830191091132427, 0.07830191091132427, 0.07830191091132427, 0.07830191091132427, 0.07830191091132427, 0.07826281116509586, 0.07826281116509586, 0.07826281116509586, 0.07826281116509586]","{""best_iteration"": 1972}",,,,,,,,,,,,,,,,,True
F2__D05__S8__valid,done,D05,D,S8,F2,valid,B_feature_sweep,,,0.07804293559471859,-0.2167042775600425,-0.21954340269941497,0.9969007925594505,0.12029646522234892,1266.0,0.24959973313895403,0.13765390617801035,10524.0,0.5015612755507347,0.8861622431835564,15.0,0.0,9.0,"{""alpha"": 0.2219321201267234, ""colsample_bytree"": 0.7982767871318732, ""eta"": 0.01185188191976558, ""lambda"": 16.945924187895873, ""max_depth"": 4, ""min_child_weight"": 10.709722651874271, ""subsample"": 0.7679482029577558}",53.2,2424.0,c9ca342e1fcf9739,76355.0,53.0,"[0.0807026841269822, 0.07873061995171372, 0.07873061995171372, 0.07818222185413531, 0.07818222185413531, 0.07818222185413531, 0.07818222185413531, 0.07818222185413531, 0.07818222185413531, 0.07804293559471859, 0.07804293559471859, 0.07804293559471859, 0.07804293559471859, 0.07804293559471859, 0.07804293559471859]","{""best_iteration"": 1999}",,,,,,,,,,,,,,,,,False
F2__D06__S1__valid,done,D06,D,S1,F2,valid,b_thin_stochastic,,,0.08253314125480304,-0.15022009998269942,-0.08053769624791011,1.069376093307651,0.12029646522234892,1266.0,0.2607440602780139,0.1332729251968392,10524.0,0.4060035478112269,0.8713676434402661,45.0,0.0,24.0,"{""batch_size"": 512, ""dropout"": 0.433229956348296, ""lr"": 0.00499884197237675, ""nodes"": [256, 256, 256], ""weight_decay"": 0.0002561780743955523}",147.6,1522.0,c9ca342e1fcf9739,76355.0,11.0,"[0.08284152021717968, 0.08284152021717968, 0.08277926171116694, 0.08277926171116694, 0.08277926171116694, 0.08277926171116694, 0.08277926171116694, 0.08277926171116694, 0.08277926171116694, 0.08277926171116694, 0.08277926171116694, 0.08275196967424667, 0.08275196967424667, 0.08273420519434761, 0.08269827151166681, 0.08269827151166681, 0.08269827151166681, 0.08269827151166681, 0.08267357505982802, 0.08265935408856344, 0.08265935408856344, 0.08265935408856344, 0.08265935408856344, 0.08265935408856344, 0.08253314125480304, 0.08253314125480304, 0.08253314125480304, 0.08253314125480304, 0.08253314125480304, 0.08253314125480304, 0.08253314125480304, 0.08253314125480304, 0.08253314125480304, 0.08253314125480304, 0.08253314125480304, 0.08253314125480304, 0.08253314125480304, 0.08253314125480304, 0.08253314125480304, 0.08253314125480304, 0.08253314125480304, 0.08253314125480304, 0.08253314125480304, 0.08253314125480304, 0.08253314125480304]","{""device"": ""cuda"", ""epochs"": 35, ""holdout_loss"": 0.31586912274360657}",,,,,,,,,,,,,,,,,False
F2__D06__S4__valid,done,D06,D,S4,F2,valid,A_method_sweep,,,0.07811072534793732,0.11790056670628812,0.023534899856088615,0.9237122650416888,0.12029646522234892,1266.0,0.25023601645368976,0.11170955450965146,10524.0,0.4899833263224534,0.8844217221125011,15.0,0.0,5.0,"{""batch_size"": 1024, ""dropout"": 0.05116721441391292, ""lr"": 0.0006731501945399556, ""nodes"": [256], ""weight_decay"": 0.0005992397731141763}",158.8,1538.0,c9ca342e1fcf9739,76355.0,32.0,"[0.07862504604915652, 0.07862504604915652, 0.07821591626543539, 0.07821591626543539, 0.07821591626543539, 0.07811072534793732, 0.07811072534793732, 0.07811072534793732, 0.07811072534793732, 0.07811072534793732, 0.07811072534793732, 0.07811072534793732, 0.07811072534793732, 0.07811072534793732, 0.07811072534793732]","{""device"": ""cuda"", ""epochs"": 51, ""holdout_loss"": 0.2965278923511505}",,,,,,,,,,,,,,,,,False
F2__D06__S8__valid,done,D06,D,S8,F2,valid,b_thin_stochastic,,,0.07791128092085507,-0.04139449291329445,0.1515204919756031,1.1615458054321406,0.12029646522234892,1266.0,0.25094660243871647,0.12371124611659991,10524.0,0.4919097653320733,0.8852811043913346,15.0,0.0,11.0,"{""batch_size"": 512, ""dropout"": 0.11682024806296512, ""lr"": 0.00010756336751529684, ""nodes"": [32], ""weight_decay"": 0.009680278171389717}",144.0,2564.0,c9ca342e1fcf9739,76355.0,53.0,"[0.0795940882925599, 0.0795940882925599, 0.07822484845802236, 0.07822484845802236, 0.07822484845802236, 0.07822484845802236, 0.07808715713238136, 0.07808715713238136, 0.07808715713238136, 0.07808715713238136, 0.07808715713238136, 0.07791128092085507, 0.07791128092085507, 0.07791128092085507, 0.07791128092085507]","{""device"": ""cuda"", ""epochs"": 59, ""holdout_loss"": 0.2987142503261566}",,,,,,,,,,,,,,,,,False
F2__L00__REF__valid,done,L00,L,REF,F2,valid,reference,,,,,,,,1942.0,,,9348.0,,,1.0,0.0,0.0,{},0.2,439.0,9b96afed3de9cef4,58696.0,0.0,[0.142510065108728],{},0.5,0.10940126026147413,0.14543971010194245,0.16975957996955285,0.142510065108728,1.0,0.9975612730154859,0.9975612730154859,0.0,0.0,0.8772999572100985,0.7920471194174047,0.8353891236200078,0.720976028743653,0.5,0.5,False
F2__L01__S1__valid,done,L01,L,S1,F2,valid,b_thin_deterministic,,,,,,,,1942.0,,,9348.0,,,1.0,0.0,0.0,{},2.9,2424.0,9b96afed3de9cef4,58696.0,11.0,[0.10556728431649177],"{""ridge_fallback"": 0.0, ""ties"": ""efron""}",0.8337905327093076,0.0846107691049089,0.10843697610789181,0.12078441594527455,0.10556728431649177,1.0,0.9975612730154859,0.9975612730154859,0.0,0.0,0.8772999572100985,0.7920471194174047,0.8785925229102547,0.7799333134979272,0.8679991712155374,0.8472564472648532,False
F2__L01__S4__valid,done,L01,L,S4,F2,valid,A_method_sweep,,,,,,,,1942.0,,,9348.0,,,1.0,0.0,0.0,{},3.3,1612.0,9b96afed3de9cef4,58696.0,32.0,[0.10263248097897323],"{""ridge_fallback"": 0.0, ""ties"": ""efron""}",0.8484597232341372,0.08372829211158252,0.10555965163098517,0.11568232854234005,0.10263248097897323,1.0,0.9975612730154859,0.9975612730154859,0.0,0.0,0.8772999572100985,0.7920471194174047,0.9032766124112952,0.8139612873304022,0.8811522442826256,0.8630759907927993,False
F2__L01__S8-N__valid,done,L01,L,S8-N,F2,valid,b_thin_deterministic_fallback,,,,,,,,1942.0,,,9348.0,,,1.0,0.0,0.0,{},3.9,2564.0,9b96afed3de9cef4,58696.0,47.0,[0.10058902199443318],"{""ridge_fallback"": 0.0, ""ties"": ""efron""}",0.8513769786736337,0.08188690892075345,0.10358088302288833,0.11330741301120267,0.10058902199443318,1.0,0.9975612730154859,0.9975612730154859,0.0,0.0,0.8772999572100985,0.7920471194174047,0.8951711776474854,0.8013238802656464,0.8828363904416785,0.866388551814326,False
F2__L01__S8__valid,ineligible,L01,L,S8,F2,valid,b_thin_deterministic,,block N: as-of share 40.4% < 50%,,,,,,,,,,,,,,,,,,,,,,,,,,,,,,,,,,,,,,,False
F2__L02__S1__valid,done,L02,L,S1,F2,valid,B_feature_sweep,,,,,,,,1942.0,,,9348.0,,,33.0,0.0,21.0,"{""alpha_idx"": 29, ""l1_ratio"": 0.5}",4.4,2395.0,9b96afed3de9cef4,58696.0,11.0,"[0.14115074883083292, 0.12614973828319417, 0.11595092944423951, 0.1112175593163553, 0.10891265725701332, 0.10765005654928173, 0.10692772041292992, 0.10643845276640009, 0.10611338374644522, 0.10595222259389304, 0.10590221156599174, 0.10590221156599174, 0.10590221156599174, 0.10590221156599174, 0.10590221156599174, 0.10590221156599174, 0.10590221156599174, 0.10590221156599174, 0.10590221156599174, 0.10590221156599174, 0.10588483013432402, 0.10588421219478758, 0.10588421219478758, 0.10588421219478758, 0.10588421219478758, 0.10588421219478758, 0.10588421219478758, 0.10588421219478758, 0.10588421219478758, 0.10588421219478758, 0.10588421219478758, 0.10588421219478758, 0.10588421219478758]","{""alpha"": 0.000459247260768057, ""n_nonzero"": 11, ""ties"": ""breslow""}",0.8336017725810919,0.08511445957485542,0.10875290687752366,0.12091657544924758,0.10588421219478758,1.0,0.9975612730154859,0.9975612730154859,0.0,0.0,0.8772999572100985,0.7920471194174047,0.8767096662355734,0.7763930985166975,0.867861182217024,0.8470782924566448,False
F2__L02__S2__valid,done,L02,L,S2,F2,valid,B_feature_sweep,,,,,,,,1942.0,,,9348.0,,,33.0,0.0,20.0,"{""alpha_idx"": 27, ""l1_ratio"": 0.5}",5.4,2395.0,9b96afed3de9cef4,58696.0,17.0,"[0.14115074883083292, 0.1261497382831942, 0.11595092944423951, 0.11108726312391523, 0.10885800989411744, 0.10781588261017902, 0.10736002385323486, 0.10694092617593086, 0.10671578522906508, 0.10658845935502687, 0.10654032962752721, 0.10654032962752721, 0.10654032962752721, 0.10654032962752721, 0.10654032962752721, 0.10654032962752721, 0.10654032962752721, 0.10654032962752721, 0.10654032962752721, 0.10650510441370088, 0.10648021711528644, 0.10648021711528644, 0.10648021711528644, 0.10648021711528644, 0.10648021711528644, 0.10648021711528644, 0.10648021711528644, 0.10648021711528644, 0.10648021711528644, 0.10648021711528644, 0.10648021711528644, 0.10648021711528644, 0.10648021711528644]","{""alpha"": 0.0007395084252761789, ""n_nonzero"": 17, ""ties"": ""breslow""}",0.8338563929409593,0.08590710806598771,0.10943038936537462,0.12115298166440874,0.10648021711528644,1.0,0.9975612730154859,0.9975612730154859,0.0,0.0,0.8772999572100985,0.7920471194174047,0.8892946874333243,0.7965592827130425,0.868647124178511,0.847155174341595,False
F2__L02__S3__valid,done,L02,L,S3,F2,valid,B_feature_sweep,,,,,,,,1942.0,,,9348.0,,,33.0,0.0,29.0,"{""alpha_idx"": 21, ""l1_ratio"": 0.9}",6.7,2395.0,9b96afed3de9cef4,58696.0,29.0,"[0.14115074883083292, 0.12401831443787048, 0.11281099787751044, 0.10725751573378083, 0.10489794600836459, 0.10399744931186831, 0.10364351752267259, 0.10327940105212491, 0.10306811168092854, 0.10297751571018997, 0.10294278297978307, 0.10294278297978307, 0.10294278297978307, 0.10294278297978307, 0.10294278297978307, 0.10294278297978307, 0.10294278297978307, 0.10294278297978307, 0.10290645167136984, 0.10289585094885483, 0.10289585094885483, 0.10289585094885483, 0.10289585094885483, 0.10289585094885483, 0.10289585094885483, 0.10289585094885483, 0.10289585094885483, 0.10289585094885483, 0.10289585094885483, 0.10284733694338956, 0.10284733694338956, 0.10284733694338956, 0.10284733694338956]","{""alpha"": 0.0017153797398897737, ""n_nonzero"": 21, ""ties"": ""breslow""}",0.8478540443180556,0.08400631199589745,0.10574560781540611,0.11589182014684858,0.10284733694338956,1.0,0.9975612730154859,0.9975612730154859,0.0,0.0,0.8772999572100985,0.7920471194174047,0.8970448036433889,0.8039925730949068,0.8809585494018155,0.8623793541124034,False
F2__L02__S4__valid,done,L02,L,S4,F2,valid,A_method_sweep,,,,,,,,1942.0,,,9348.0,,,33.0,0.0,29.0,"{""alpha_idx"": 21, ""l1_ratio"": 0.9}",7.4,1613.0,9b96afed3de9cef4,58696.0,32.0,"[0.14115074883083292, 0.12401831443787048, 0.11281099787751044, 0.10727891001209061, 0.10491821899954488, 0.10400793149077522, 0.10363806934862038, 0.10328509425040015, 0.10309234813680097, 0.10301812917284425, 0.1029897367627249, 0.1029897367627249, 0.1029897367627249, 0.1029897367627249, 0.1029897367627249, 0.1029897367627249, 0.1029897367627249, 0.1029897367627249, 0.10292126079035438, 0.10292126079035438, 0.10292126079035438, 0.10292126079035438, 0.10292126079035438, 0.10292126079035438, 0.10292126079035438, 0.10292126079035438, 0.10292126079035438, 0.10292126079035438, 0.10290509723465745, 0.10286716538127436, 0.10286716538127436, 0.10286716538127436, 0.10286716538127436]","{""alpha"": 0.0017153797398897737, ""n_nonzero"": 23, ""ties"": ""breslow""}",0.8478699213381858,0.08400819590391082,0.10576976451141751,0.1159209365983516,0.10286716538127436,1.0,0.9975612730154859,0.9975612730154859,0.0,0.0,0.8772999572100985,0.7920471194174047,0.897100283393246,0.8040750820419277,0.8809986278705672,0.8623873808084289,False
F2__L02__S5__valid,ineligible,L02,L,S5,F2,valid,B_feature_sweep,,block N: as-of share 40.4% < 50%,,,,,,,,,,,,,,,,,,,,,,,,,,,,,,,,,,,,,,,False
F2__L02__S6__valid,done,L02,L,S6,F2,valid,B_feature_sweep,,,,,,,,1942.0,,,9348.0,,,33.0,0.0,29.0,"{""alpha_idx"": 21, ""l1_ratio"": 0.9}",8.0,2395.0,9b96afed3de9cef4,58696.0,35.0,"[0.14115074883083292, 0.12401831443787048, 0.11273632087025273, 0.10694485109606258, 0.10440107217095457, 0.10333036870337757, 0.102881087849534, 0.10250279289060236, 0.10229933881885792, 0.10221110909200021, 0.10217994549394699, 0.10217994549394699, 0.10217994549394699, 0.10217994549394699, 0.10217994549394699, 0.10217994549394699, 0.10217994549394699, 0.10217994549394699, 0.10213328342295071, 0.10213328342295071, 0.10213328342295071, 0.10213328342295071, 0.10213328342295071, 0.10213328342295071, 0.10213328342295071, 0.10213328342295071, 0.10213328342295071, 0.10213328342295071, 0.10210422995434443, 0.10207418064380847, 0.10207418064380847, 0.10207418064380847, 0.10207418064380847]","{""alpha"": 0.0017153797398897737, ""n_nonzero"": 25, ""ties"": ""breslow""}",0.8492412254472175,0.0833265167712735,0.10503253755764462,0.114905130688671,0.10207418064380847,1.0,0.9975612730154859,0.9975612730154859,0.0,0.0,0.8772999572100985,0.7920471194174047,0.8926517268179652,0.7962684196832994,0.881858879778095,0.8639514702965683,False
F2__L02__S7__valid,done,L02,L,S7,F2,valid,B_feature_sweep,,,,,,,,1942.0,,,9348.0,,,33.0,0.0,32.0,"{""alpha_idx"": 29, ""l1_ratio"": 0.9}",8.0,2395.0,9b96afed3de9cef4,58696.0,35.0,"[0.14115074883083292, 0.12401831443787048, 0.11281099787751044, 0.10710688528211482, 0.10432952574819777, 0.10312840995302551, 0.10247221593439637, 0.10194712070205983, 0.101678081484408, 0.10155192991361711, 0.10149670490427823, 0.10149670490427823, 0.10149670490427823, 0.10149670490427823, 0.10149670490427823, 0.10149670490427823, 0.10149670490427823, 0.10149670490427823, 0.10149670490427823, 0.10146747730961808, 0.10143536024171998, 0.10142563897087986, 0.10142563897087986, 0.10142563897087986, 0.10142563897087986, 0.10142563897087986, 0.10142563897087986, 0.10142563897087986, 0.10142563897087986, 0.10142563897087986, 0.10142563897087986, 0.10140558192213155, 0.10139716708805598]","{""alpha"": 0.00025513736709336494, ""n_nonzero"": 35, ""ties"": ""breslow""}",0.8500791792874276,0.08280658313253039,0.10429482686425869,0.1141924314911761,0.10139716708805598,1.0,0.9975612730154859,0.9975612730154859,0.0,0.0,0.8772999572100985,0.7920471194174047,0.8948193225925991,0.8008922577064275,0.8820861682825802,0.8647104605902937,False
F2__L02__S8__valid,ineligible,L02,L,S8,F2,valid,B_feature_sweep,,block N: as-of share 40.4% < 50%,,,,,,,,,,,,,,,,,,,,,,,,,,,,,,,,,,,,,,,False
F2__L03__S1__valid,done,L03,L,S1,F2,valid,b_thin_deterministic,,,,,,,,1942.0,,,9348.0,,,3.0,0.0,1.0,"{""penalizer"": 0.01}",2.9,2424.0,9b96afed3de9cef4,58696.0,11.0,"[0.11199517809907097, 0.10986142001195813, 0.10986142001195813]","{""penalizer_used"": 0.01}",0.8280348188931835,0.09352703195326609,0.11148583470963172,0.12294697867530303,0.10986142001195813,1.0,0.9975612730154859,0.9975612730154859,0.0,0.0,0.8772999572100985,0.7920471194174047,0.9258033035531614,0.7671953097320354,0.8654170334767902,0.8409015253763861,False
F2__L03__S4__valid,done,L03,L,S4,F2,valid,A_method_sweep,,,,,,,,1942.0,,,9348.0,,,3.0,0.0,1.0,"{""penalizer"": 0.01}",5.5,1689.0,9b96afed3de9cef4,58696.0,32.0,"[0.1094366640624324, 0.10828690579571511, 0.10828690579571511]","{""penalizer_used"": 0.01}",0.8384519082120064,0.09449130115425716,0.11030351926231718,0.11804928350396889,0.10828690579571511,1.0,0.9975612730154859,0.9975612730154859,0.0,0.0,0.8772999572100985,0.7920471194174047,0.9400243557102129,0.798212644820214,0.8722576945610329,0.8527053815753058,False
F2__L03__S8-N__valid,done,L03,L,S8-N,F2,valid,b_thin_deterministic_fallback,,,,,,,,1942.0,,,9348.0,,,3.0,0.0,1.0,"{""penalizer"": 0.01}",8.4,2564.0,9b96afed3de9cef4,58696.0,47.0,"[0.10439797654504626, 0.10405077034728243, 0.10405077034728243]","{""penalizer_used"": 0.01}",0.8470901832384534,0.0906211372308225,0.10547437511194088,0.11463319393442549,0.10405077034728243,1.0,0.9975612730154859,0.9975612730154859,0.0,0.0,0.8772999572100985,0.7920471194174047,0.9329438000225102,0.7746064825469863,0.8799614778940668,0.8620157319255809,False
F2__L03__S8__valid,ineligible,L03,L,S8,F2,valid,b_thin_deterministic,,block N: as-of share 40.4% < 50%,,,,,,,,,,,,,,,,,,,,,,,,,,,,,,,,,,,,,,,False
F2__L04__S1__valid,done,L04,L,S1,F2,valid,b_thin_deterministic,,,,,,,,1942.0,,,9348.0,,,3.0,0.0,1.0,"{""penalizer"": 0.01}",6.2,2424.0,9b96afed3de9cef4,58696.0,11.0,"[0.117856080510072, 0.11004868390015647, 0.11004868390015647]","{""penalizer_used"": 0.01}",0.8241919919838689,0.09328982338102292,0.11038831762165005,0.12612827697630288,0.11004868390015647,1.0,0.9975612730154859,0.9975612730154859,0.0,0.0,0.8772999572100985,0.7920471194174047,0.9353109441424707,0.7420649000230662,0.8630011629134474,0.8367053256872864,False
F2__L04__S4__valid,done,L04,L,S4,F2,valid,A_method_sweep,,,,,,,,1942.0,,,9348.0,,,3.0,0.0,1.0,"{""penalizer"": 0.01}",9.5,1699.0,9b96afed3de9cef4,58696.0,32.0,"[0.11334576452065967, 0.10840507199209723, 0.10840507199209723]","{""penalizer_used"": 0.01}",0.8330566615566183,0.09601526475121241,0.10935051150143449,0.11890400021430753,0.10840507199209723,1.0,0.9975612730154859,0.9975612730154859,0.0,0.0,0.8772999572100985,0.7920471194174047,0.9528831608960542,0.782418272490288,0.8681491731237829,0.8471611497536425,False
F2__L04__S8-N__valid,done,L04,L,S8-N,F2,valid,b_thin_deterministic_fallback,,,,,,,,1942.0,,,9348.0,,,3.0,0.0,1.0,"{""penalizer"": 0.01}",14.1,2564.0,9b96afed3de9cef4,58696.0,47.0,"[0.10737277009895412, 0.10446225734471197, 0.10446225734471197]","{""penalizer_used"": 0.01}",0.8459999611895064,0.09231745613826993,0.10523216339246894,0.11506724645564001,0.10446225734471197,1.0,0.9975612730154859,0.9975612730154859,0.0,0.0,0.8772999572100985,0.7920471194174047,0.9467491992028446,0.7711793950243072,0.8795170002339859,0.8606322184433445,False
F2__L04__S8__valid,ineligible,L04,L,S8,F2,valid,b_thin_deterministic,,block N: as-of share 40.4% < 50%,,,,,,,,,,,,,,,,,,,,,,,,,,,,,,,,,,,,,,,False
F2__L05__S1__valid,done,L05,L,S1,F2,valid,B_feature_sweep,,,,,,,,1942.0,,,9348.0,,,15.0,0.0,0.0,"{""max_depth"": null, ""max_features"": ""sqrt"", ""max_samples"": 0.5, ""min_samples_leaf"": 61, ""n_estimators"": 100}",867.7,2395.0,9b96afed3de9cef4,58696.0,11.0,"[0.10581749172148791, 0.10581749172148791, 0.10581749172148791, 0.10581749172148791, 0.10581749172148791, 0.10581749172148791, 0.10581749172148791, 0.10581749172148791, 0.10581749172148791, 0.10581749172148791, 0.10581749172148791, 0.10581749172148791, 0.10581749172148791, 0.10581749172148791, 0.10581749172148791]",{},0.8350986227567093,0.08385846461194037,0.10864438624248368,0.12212272978904389,0.10581749172148791,1.0,0.9975612730154859,0.9975612730154859,0.0,0.0,0.8772999572100985,0.7920471194174047,0.8559693364403818,0.7534761490708034,0.8703476419136587,0.8482525231566026,False
F2__L05__S2__valid,done,L05,L,S2,F2,valid,B_feature_sweep,,,,,,,,1942.0,,,9348.0,,,15.0,0.0,2.0,"{""max_depth"": 20, ""max_features"": ""sqrt"", ""max_samples"": 0.5, ""min_samples_leaf"": 21, ""n_estimators"": 100}",941.0,2395.0,9b96afed3de9cef4,58696.0,17.0,"[0.10527405275724407, 0.10527405275724407, 0.10501501883989788, 0.10501501883989788, 0.10501501883989788, 0.10501501883989788, 0.10501501883989788, 0.10501501883989788, 0.10501501883989788, 0.10501501883989788, 0.10501501883989788, 0.10501501883989788, 0.10501501883989788, 0.10501501883989788, 0.10501501883989788]",{},0.8376374758831004,0.08342743491058113,0.10789224774585014,0.12084814495731014,0.10501501883989788,1.0,0.9975612730154859,0.9975612730154859,0.0,0.0,0.8772999572100985,0.7920471194174047,0.8587025114987233,0.7595488557296619,0.8721422962113515,0.8504986112738255,False
F2__L05__S3__valid,done,L05,L,S3,F2,valid,B_feature_sweep,,,,,,,,1942.0,,,9348.0,,,15.0,0.0,10.0,"{""max_depth"": 20, ""max_features"": ""sqrt"", ""max_samples"": 0.5, ""min_samples_leaf"": 20, ""n_estimators"": 100}",1030.6,2395.0,9b96afed3de9cef4,58696.0,29.0,"[0.09994952537960455, 0.09980552466893698, 0.09948442013809612, 0.09948442013809612, 0.09948442013809612, 0.09948442013809612, 0.09948442013809612, 0.09948442013809612, 0.09948442013809612, 0.09948442013809612, 0.09931591391817432, 0.09931591391817432, 0.09931591391817432, 0.09931591391817432, 0.09931591391817432]",{},0.8523190152013648,0.07911922994338558,0.10223271184054918,0.11367900204821339,0.09931591391817432,1.0,0.9975612730154859,0.9975612730154859,0.0,0.0,0.8772999572100985,0.7920471194174047,0.8659953305555715,0.7671877220943127,0.8853922698733128,0.8661220418153188,False
F2__L05__S4__valid,done,L05,L,S4,F2,valid,A_method_sweep,,,,,,,,1942.0,,,9348.0,,,30.0,0.0,21.0,"{""max_depth"": 20, ""max_features"": 0.2, ""max_samples"": 0.5, ""min_samples_leaf"": 27, ""n_estimators"": 100}",2188.9,1733.0,9b96afed3de9cef4,58696.0,32.0,"[0.10012022060615192, 0.09979287504401371, 0.0995741572788771, 0.0995741572788771, 0.0995741572788771, 0.0995741572788771, 0.0995741572788771, 0.09944693710953885, 0.09944693710953885, 0.09944693710953885, 0.09944693710953885, 0.09944693710953885, 0.09944693710953885, 0.09944693710953885, 0.09941550220188296, 0.09941550220188296, 0.09941550220188296, 0.09941550220188296, 0.09941550220188296, 0.09941550220188296, 0.09941550220188296, 0.09931113116287338, 0.09931113116287338, 0.09931113116287338, 0.09931113116287338, 0.09931113116287338, 0.09931113116287338, 0.09931113116287338, 0.09931113116287338, 0.09931113116287338]",{},0.8523357742781689,0.07901944290621138,0.1021853963931996,0.11385428895888292,0.09931113116287338,1.0,0.9975612730154859,0.9975612730154859,0.0,0.0,0.8772999572100985,0.7920471194174047,0.8663058731203351,0.7685814000293171,0.8860165159436294,0.8657509640507804,False
F2__L05__S5__valid,ineligible,L05,L,S5,F2,valid,B_feature_sweep,,block N: as-of share 40.4% < 50%,,,,,,,,,,,,,,,,,,,,,,,,,,,,,,,,,,,,,,,False
F2__L05__S6__valid,done,L05,L,S6,F2,valid,B_feature_sweep,,,,,,,,1942.0,,,9348.0,,,15.0,0.0,11.0,"{""max_depth"": 20, ""max_features"": 0.2, ""max_samples"": 0.5, ""min_samples_leaf"": 21, ""n_estimators"": 100}",1186.6,2395.0,9b96afed3de9cef4,58696.0,35.0,"[0.10008584148211226, 0.09939274188126182, 0.09939274188126182, 0.09939274188126182, 0.09939274188126182, 0.09939274188126182, 0.09939274188126182, 0.09932820589265925, 0.09932820589265925, 0.09932820589265925, 0.09932820589265925, 0.09920210257013358, 0.09920210257013358, 0.09920210257013358, 0.09920210257013358]",{},0.8535785921317016,0.07911462271981015,0.10209087282947993,0.11351204190176427,0.09920210257013358,1.0,0.9975612730154859,0.9975612730154859,0.0,0.0,0.8772999572100985,0.7920471194174047,0.865688846149382,0.7675703950440654,0.8861605645514767,0.8672234393853758,False
F2__L05__S7__valid,done,L05,L,S7,F2,valid,B_feature_sweep,,,,,,,,1942.0,,,9348.0,,,30.0,0.0,14.0,"{""max_depth"": 20, ""max_features"": 0.2, ""max_samples"": 0.5, ""min_samples_leaf"": 30, ""n_estimators"": 100}",2360.2,2395.0,9b96afed3de9cef4,58696.0,35.0,"[0.10038957660045374, 0.09992043601140672, 0.09972697724187547, 0.09972697724187547, 0.09972697724187547, 0.09972697724187547, 0.09972697724187547, 0.09959059530540752, 0.09959059530540752, 0.09959059530540752, 0.09959059530540752, 0.09959059530540752, 0.09959059530540752, 0.09959059530540752, 0.09942551261305173, 0.09942551261305173, 0.09942551261305173, 0.09942551261305173, 0.09942551261305173, 0.09942551261305173, 0.09942551261305173, 0.09942551261305173, 0.09942551261305173, 0.09942551261305173, 0.09942551261305173, 0.09942551261305173, 0.09942551261305173, 0.09942551261305173, 0.09942551261305173, 0.09942551261305173]",{},0.8522313975717568,0.07921542556259263,0.10227879515973505,0.11392903457014417,0.09942551261305173,1.0,0.9975612730154859,0.9975612730154859,0.0,0.0,0.8772999572100985,0.7920471194174047,0.8645453281840962,0.7673621497233503,0.8854309663259005,0.8657977456085445,False
F2__L05__S8__valid,ineligible,L05,L,S8,F2,valid,B_feature_sweep,,block N: as-of share 40.4% < 50%,,,,,,,,,,,,,,,,,,,,,,,,,,,,,,,,,,,,,,,False
F2__L06__S1__valid,done,L06,L,S1,F2,valid,b_thin_stochastic,,,,,,,,1942.0,,,9348.0,,,15.0,0.0,10.0,"{""alpha"": 0.08170112233606862, ""colsample_bytree"": 0.992593709070849, ""eta"": 0.020432907468791343, ""lambda"": 25.531505598845257, ""max_depth"": 6, ""min_child_weight"": 8.374580581887768, ""subsample"": 0.6582834070798071}",10.6,2564.0,9b96afed3de9cef4,58696.0,11.0,"[0.10689253311393038, 0.10562808399932513, 0.10562808399932513, 0.10562808399932513, 0.10554667283388111, 0.10554667283388111, 0.10554667283388111, 0.10554667283388111, 0.10554667283388111, 0.10544834421325257, 0.10519505270961756, 0.10519505270961756, 0.10519505270961756, 0.10519505270961756, 0.10519505270961756]","{""best_iteration"": 211}",0.8363032181543728,0.08465199255904948,0.10786830900550808,0.12039160026840456,0.10519505270961756,1.0,0.9975612730154859,0.9975612730154859,0.0,0.0,0.8772999572100985,0.7920471194174047,0.8751704747260936,0.7724645833958336,0.8713290860078624,0.8492540229866528,False
F2__L06__S4__valid,done,L06,L,S4,F2,valid,A_method_sweep,,,,,,,,1942.0,,,9348.0,,,15.0,0.0,3.0,"{""alpha"": 0.0014329107238467847, ""colsample_bytree"": 0.9258334913776229, ""eta"": 0.029037920727453637, ""lambda"": 0.002402997097943195, ""max_depth"": 8, ""min_child_weight"": 61.54791240242938, ""subsample"": 0.846161307834657}",20.4,1742.0,9b96afed3de9cef4,58696.0,32.0,"[0.1059052272845395, 0.10458107709379652, 0.10458107709379652, 0.10333135943928265, 0.10333135943928265, 0.10333135943928265, 0.10333135943928265, 0.10333135943928265, 0.10333135943928265, 0.10333135943928265, 0.10333135943928265, 0.10333135943928265, 0.10333135943928265, 0.10333135943928265, 0.10333135943928265]","{""best_iteration"": 179}",0.8433590835078335,0.08378166693214299,0.10610686160203946,0.11733004762090873,0.10333135943928265,1.0,0.9975612730154859,0.9975612730154859,0.0,0.0,0.8772999572100985,0.7920471194174047,0.8923536419025598,0.7838869454078712,0.8736036719956856,0.858481991361731,False
F2__L06__S8-N__valid,done,L06,L,S8-N,F2,valid,b_thin_stochastic_fallback,,,,,,,,1942.0,,,9348.0,,,15.0,0.0,11.0,"{""alpha"": 0.12798155890397542, ""colsample_bytree"": 0.896703551738824, ""eta"": 0.024357385615630913, ""lambda"": 22.972300437702422, ""max_depth"": 7, ""min_child_weight"": 13.770144813179975, ""subsample"": 0.6857810416016011}",19.6,2564.0,9b96afed3de9cef4,58696.0,47.0,"[0.10496382328035767, 0.1013872985342906, 0.1013872985342906, 0.10105962096801252, 0.10105962096801252, 0.10105962096801252, 0.10105962096801252, 0.10105962096801252, 0.10105962096801252, 0.10105962096801252, 0.10105962096801252, 0.10104508998903856, 0.10104508998903856, 0.10104508998903856, 0.10104508998903856]","{""best_iteration"": 211}",0.8504672842239459,0.08251705560646665,0.10377128090945935,0.11412074253076891,0.10104508998903856,1.0,0.9975612730154859,0.9975612730154859,0.0,0.0,0.8772999572100985,0.7920471194174047,0.8937802875758295,0.783020102079155,0.880374807035993,0.8657517507101707,False
F2__L06__S8__valid,ineligible,L06,L,S8,F2,valid,b_thin_stochastic,,block N: as-of share 40.4% < 50%,,,,,,,,,,,,,,,,,,,,,,,,,,,,,,,,,,,,,,,False
F2__L07__S1__valid,done,L07,L,S1,F2,valid,B_feature_sweep,,,,,,,,1942.0,,,9348.0,,,15.0,0.0,2.0,"{""batch_size"": 1024, ""dropout"": 0.01952739161644118, ""lr"": 0.00021860537655459686, ""nodes"": [128], ""weight_decay"": 0.003255142562491931}",169.7,2395.0,9b96afed3de9cef4,58696.0,11.0,"[0.10520877849193261, 0.10520877849193261, 0.1049574036655782, 0.1049574036655782, 0.1049574036655782, 0.1049574036655782, 0.1049574036655782, 0.1049574036655782, 0.1049574036655782, 0.1049574036655782, 0.1049574036655782, 0.1049574036655782, 0.1049574036655782, 0.1049574036655782, 0.1049574036655782]","{""device"": ""cuda"", ""epochs"": 61, ""holdout_loss"": 8.054441452026367}",0.8375845524826662,0.08468692663593129,0.10772169544995311,0.11969929712647528,0.1049574036655782,1.0,0.9975612730154859,0.9975612730154859,0.0,0.0,0.8772999572100985,0.7920471194174047,0.8783476954843069,0.7794861652538769,0.8709329789135164,0.8509872425154806,False
F2__L07__S2__valid,done,L07,L,S2,F2,valid,B_feature_sweep,,,,,,,,1942.0,,,9348.0,,,30.0,0.0,15.0,"{""batch_size"": 256, ""dropout"": 0.29775325966641236, ""lr"": 0.0038464189022413497, ""nodes"": [32, 32, 32], ""weight_decay"": 0.00030392490321278626}",555.7,2395.0,9b96afed3de9cef4,58696.0,17.0,"[0.10677876359297157, 0.10599195628142127, 0.10597986951933171, 0.10597986951933171, 0.10597986951933171, 0.10597986951933171, 0.10597986951933171, 0.10597986951933171, 0.10597986951933171, 0.10597986951933171, 0.10597986951933171, 0.10586620487023654, 0.10586620487023654, 0.10586620487023654, 0.10543105538134388, 0.1052245185496646, 0.1052245185496646, 0.1052245185496646, 0.1052245185496646, 0.1052245185496646, 0.1052245185496646, 0.1052245185496646, 0.1052245185496646, 0.1052245185496646, 0.1052245185496646, 0.1052245185496646, 0.1052245185496646, 0.1052245185496646, 0.1052245185496646, 0.1052245185496646]","{""device"": ""cuda"", ""epochs"": 34, ""holdout_loss"": 8.026668548583984}",0.8368483291788464,0.08517196069359231,0.10804246976451552,0.11964117397603495,0.1052245185496646,1.0,0.9975612730154859,0.9975612730154859,0.0,0.0,0.8772999572100985,0.7920471194174047,0.8873622600013422,0.7940579750645461,0.8689951796339295,0.8501504755961372,False
F2__L07__S3__valid,done,L07,L,S3,F2,valid,B_feature_sweep,,,,,,,,1942.0,,,9348.0,,,45.0,0.0,23.0,"{""batch_size"": 256, ""dropout"": 0.46369883861183414, ""lr"": 0.0009532541485698684, ""nodes"": [128, 128, 128], ""weight_decay"": 0.0015859272530016845}",456.2,1861.0,9b96afed3de9cef4,58696.0,29.0,"[0.10256733750245736, 0.10256733750245736, 0.10256733750245736, 0.10252830899701257, 0.10252830899701257, 0.10252830899701257, 0.10216528425128056, 0.10196054721813065, 0.10196054721813065, 0.10196054721813065, 0.10196054721813065, 0.10196054721813065, 0.10196054721813065, 0.10140853189223303, 0.10140853189223303, 0.10140853189223303, 0.10140853189223303, 0.10140853189223303, 0.10140853189223303, 0.10140853189223303, 0.10140267063196515, 0.10140267063196515, 0.10140267063196515, 0.10117700405702815, 0.10117700405702815, 0.10117700405702815, 0.10117700405702815, 0.10117700405702815, 0.10117700405702815, 0.10117700405702815, 0.10117700405702815, 0.10117700405702815, 0.10117700405702815, 0.10117700405702815, 0.10117700405702815, 0.10117700405702815, 0.10117700405702815, 0.10117700405702815, 0.10117700405702815, 0.10117700405702815, 0.10117700405702815, 0.10117700405702815, 0.10117700405702815, 0.10117700405702815, 0.10117700405702815]","{""device"": ""cuda"", ""epochs"": 68, ""holdout_loss"": 7.87795877456665}",0.847147222903366,0.08237745820987348,0.10390090281614967,0.11452875238593978,0.10117700405702815,1.0,0.9975612730154859,0.9975612730154859,0.0,0.0,0.8772999572100985,0.7920471194174047,0.8925716502690921,0.7981480306096581,0.8771965950948845,0.862248012616767,False
F2__L07__S4__valid,done,L07,L,S4,F2,valid,A_method_sweep,,,,,,,,1942.0,,,9348.0,,,15.0,0.0,11.0,"{""batch_size"": 256, ""dropout"": 0.26236267727783824, ""lr"": 0.009527776267737468, ""nodes"": [32, 32, 32], ""weight_decay"": 8.174262138322961e-05}",255.4,1988.0,9b96afed3de9cef4,58696.0,32.0,"[0.10329857717745135, 0.10237725890633376, 0.10237725890633376, 0.10227473887184614, 0.10227473887184614, 0.10227473887184614, 0.10227473887184614, 0.1019085345102756, 0.10174503799391185, 0.10174503799391185, 0.10149820916987116, 0.1010942496112967, 0.1010942496112967, 0.1010942496112967, 0.1010942496112967]","{""device"": ""cuda"", ""epochs"": 34, ""holdout_loss"": 7.880936145782471}",0.8489683759160893,0.08236773794035042,0.1038683601399004,0.11427254022503561,0.1010942496112967,1.0,0.9975612730154859,0.9975612730154859,0.0,0.0,0.8772999572100985,0.7920471194174047,0.9005857558940872,0.8137138826026709,0.8792840773559096,0.8641232731641367,False
F2__L07__S5__valid,ineligible,L07,L,S5,F2,valid,B_feature_sweep,,block N: as-of share 40.4% < 50%,,,,,,,,,,,,,,,,,,,,,,,,,,,,,,,,,,,,,,,False
F2__L07__S6__valid,done,L07,L,S6,F2,valid,B_feature_sweep,,,,,,,,1942.0,,,9348.0,,,15.0,0.0,9.0,"{""batch_size"": 1024, ""dropout"": 0.4542675754598996, ""lr"": 0.001764900522107031, ""nodes"": [128, 128], ""weight_decay"": 1.1568710983054895e-06}",253.7,2395.0,9b96afed3de9cef4,58696.0,35.0,"[0.10292957672890905, 0.10212707243570829, 0.10212707243570829, 0.10212707243570829, 0.10171066148737946, 0.10171066148737946, 0.10171066148737946, 0.10171066148737946, 0.10171066148737946, 0.10060014730672669, 0.10060014730672669, 0.10060014730672669, 0.10060014730672669, 0.10060014730672669, 0.10060014730672669]","{""device"": ""cuda"", ""epochs"": 37, ""holdout_loss"": 7.8579325675964355}",0.850671921372292,0.08206862486552043,0.1034299799332055,0.11347200449497535,0.10060014730672669,1.0,0.9975612730154859,0.9975612730154859,0.0,0.0,0.8772999572100985,0.7920471194174047,0.8967588221168943,0.804592729194964,0.8808074844042134,0.8659327603862939,False
F2__L07__S7__valid,done,L07,L,S7,F2,valid,B_feature_sweep,,,,,,,,1942.0,,,9348.0,,,30.0,0.0,18.0,"{""batch_size"": 256, ""dropout"": 0.42520838842415476, ""lr"": 0.0022328070386248996, ""nodes"": [32, 32, 32], ""weight_decay"": 0.0010877581010142734}",671.7,2395.0,9b96afed3de9cef4,58696.0,35.0,"[0.10167871100374677, 0.1014663527113244, 0.1014663527113244, 0.10112112879757776, 0.10112112879757776, 0.10112112879757776, 0.10112112879757776, 0.10106162701638838, 0.10106162701638838, 0.10106162701638838, 0.10102687610571207, 0.1004666686565978, 0.1004666686565978, 0.1004666686565978, 0.10034225913839762, 0.10034225913839762, 0.10034225913839762, 0.10034225913839762, 0.10019176061340894, 0.10019176061340894, 0.10019176061340894, 0.10019176061340894, 0.10019176061340894, 0.10019176061340894, 0.10019176061340894, 0.10019176061340894, 0.10019176061340894, 0.10019176061340894, 0.10019176061340894, 0.10019176061340894]","{""device"": ""cuda"", ""epochs"": 24, ""holdout_loss"": 7.887040138244629}",0.8526389077551011,0.08183615489971362,0.103003128636465,0.11292463028099213,0.10019176061340894,1.0,0.9975612730154859,0.9975612730154859,0.0,0.0,0.8772999572100985,0.7920471194174047,0.8991900596467708,0.8114311012716021,0.8830931265213473,0.8677812847814999,False
F2__L07__S8__valid,ineligible,L07,L,S8,F2,valid,B_feature_sweep,,block N: as-of share 40.4% < 50%,,,,,,,,,,,,,,,,,,,,,,,,,,,,,,,,,,,,,,,False
F2__L08__S1__valid,done,L08,L,S1,F2,valid,b_thin_stochastic,,,,,,,,1942.0,,,9348.0,,,15.0,0.0,5.0,"{""batch_size"": 1024, ""dropout"": 0.05116721441391292, ""lr"": 0.0006731501945399556, ""nodes"": [256], ""weight_decay"": 0.0005992397731141763}",59.0,2564.0,9b96afed3de9cef4,58696.0,11.0,"[0.10575167040312838, 0.10575167040312838, 0.10575167040312838, 0.10575167040312838, 0.10575167040312838, 0.10512099621134864, 0.10512099621134864, 0.10512099621134864, 0.10512099621134864, 0.10512099621134864, 0.10512099621134864, 0.10512099621134864, 0.10512099621134864, 0.10512099621134864, 0.10512099621134864]","{""device"": ""cuda"", ""epochs"": 23, ""holdout_loss"": 0.45498141646385193}",0.8361638531998958,0.08433029318631992,0.10785889677111334,0.12043589811684802,0.10512099621134864,1.0,0.9975612730154859,0.9975612730154859,0.0,0.0,0.8772999572100985,0.7920471194174047,0.8767279326998596,0.7751559426258133,0.8705578146794992,0.8493411857163036,False
F2__L08__S4__valid,done,L08,L,S4,F2,valid,A_method_sweep,,,,,,,,1942.0,,,9348.0,,,15.0,0.0,9.0,"{""batch_size"": 1024, ""dropout"": 0.4542675754598996, ""lr"": 0.001764900522107031, ""nodes"": [128, 128], ""weight_decay"": 1.1568710983054895e-06}",75.0,2201.0,9b96afed3de9cef4,58696.0,32.0,"[0.10413524979703487, 0.10284577336658214, 0.10284577336658214, 0.10284577336658214, 0.10284577336658214, 0.10267886277469919, 0.10267886277469919, 0.10267886277469919, 0.10267886277469919, 0.10237060583579968, 0.10237060583579968, 0.10237060583579968, 0.10237060583579968, 0.10237060583579968, 0.10237060583579968]","{""device"": ""cuda"", ""epochs"": 31, ""holdout_loss"": 0.41029930114746094}",0.8493611851548686,0.08347132057212903,0.10523717809902282,0.11553674657302415,0.10237060583579968,1.0,0.9975612730154859,0.9975612730154859,0.0,0.0,0.8772999572100985,0.7920471194174047,0.9041825341366879,0.8205227208445315,0.8815875793742379,0.8638818379193589,False
F2__L08__S8-N__valid,done,L08,L,S8-N,F2,valid,b_thin_stochastic_fallback,,,,,,,,1942.0,,,9348.0,,,15.0,0.0,5.0,"{""batch_size"": 1024, ""dropout"": 0.05116721441391292, ""lr"": 0.0006731501945399556, ""nodes"": [256], ""weight_decay"": 0.0005992397731141763}",72.9,2564.0,9b96afed3de9cef4,58696.0,47.0,"[0.10592466912590501, 0.10222396540346315, 0.10222396540346315, 0.10222396540346315, 0.10222396540346315, 0.10104303861606603, 0.10104303861606603, 0.10104303861606603, 0.10104303861606603, 0.10104303861606603, 0.10104303861606603, 0.10104303861606603, 0.10104303861606603, 0.10104303861606603, 0.10104303861606603]","{""device"": ""cuda"", ""epochs"": 31, ""holdout_loss"": 0.40583181381225586}",0.8499798009021675,0.0820962400923483,0.10390016525765974,0.11427558385659632,0.10104303861606603,1.0,0.9975612730154859,0.9975612730154859,0.0,0.0,0.8772999572100985,0.7920471194174047,0.8907623060228128,0.796612381933977,0.8811167370981083,0.8644510250857657,False
F2__L08__S8__valid,ineligible,L08,L,S8,F2,valid,b_thin_stochastic,,block N: as-of share 40.4% < 50%,,,,,,,,,,,,,,,,,,,,,,,,,,,,,,,,,,,,,,,False
F2__L09__S1__valid,done,L09,L,S1,F2,valid,b_thin_stochastic,,,,,,,,1942.0,,,9348.0,,,30.0,0.0,12.0,"{""alpha"": 0.9592351927174627, ""batch_size"": 256, ""dropout"": 0.17807904369094335, ""lr"": 0.0002816105690207593, ""nodes"": [32, 32], ""sigma"": 0.25, ""weight_decay"": 2.5793238407652512e-05}",1605.4,2564.0,9b96afed3de9cef4,58696.0,11.0,"[0.10534341255625602, 0.10534341255625602, 0.10534341255625602, 0.10534341255625602, 0.10534341255625602, 0.10534341255625602, 0.10534341255625602, 0.10534341255625602, 0.10534341255625602, 0.10534341255625602, 0.10534341255625602, 0.10534341255625602, 0.10516725753141602, 0.10516725753141602, 0.10516725753141602, 0.10516725753141602, 0.10516725753141602, 0.10516725753141602, 0.10516725753141602, 0.10516725753141602, 0.10516725753141602, 0.10516725753141602, 0.10516725753141602, 0.10516725753141602, 0.10516725753141602, 0.10516725753141602, 0.10516725753141602, 0.10516725753141602, 0.10516725753141602, 0.10516725753141602]","{""device"": ""cuda"", ""epochs"": 77, ""holdout_loss"": 0.8111422657966614}",0.8366789742974565,0.08352689519478061,0.10813632751935462,0.12086947989217427,0.10516725753141602,1.0,0.9975612730154859,0.9975612730154859,0.0,0.0,0.8772999572100985,0.7920471194174047,0.8650968450356306,0.7682550976903305,0.870645147470161,0.8497790253979297,False
F2__L09__S4__valid,done,L09,L,S4,F2,valid,A_method_sweep,,,,,,,,1942.0,,,9348.0,,,15.0,0.0,9.0,"{""alpha"": 0.7438258540750929, ""batch_size"": 256, ""dropout"": 0.006277990079557927, ""lr"": 0.00013929917982996953, ""nodes"": [128], ""sigma"": 0.5, ""weight_decay"": 0.007397846571998547}",821.4,2319.0,9b96afed3de9cef4,58696.0,32.0,"[0.10020650469665056, 0.10020650469665056, 0.09919085703773516, 0.09919085703773516, 0.09919085703773516, 0.09911487232766385, 0.09911487232766385, 0.09911487232766385, 0.09911487232766385, 0.09890986261066334, 0.09890986261066334, 0.09890986261066334, 0.09890986261066334, 0.09890986261066334, 0.09890986261066334]","{""device"": ""cuda"", ""epochs"": 34, ""holdout_loss"": 0.636371374130249}",0.8532581115401827,0.07923033238744524,0.10187732807231392,0.11265446191058028,0.09890986261066334,1.0,0.9975612730154859,0.9975612730154859,0.0,0.0,0.8772999572100985,0.7920471194174047,0.8803609655129894,0.7976926808166973,0.8842580598385359,0.867126890445275,False
F2__L09__S8-N__valid,done,L09,L,S8-N,F2,valid,b_thin_stochastic_fallback,,,,,,,,1942.0,,,9348.0,,,15.0,0.0,9.0,"{""alpha"": 0.7438258540750929, ""batch_size"": 256, ""dropout"": 0.006277990079557927, ""lr"": 0.00013929917982996953, ""nodes"": [128], ""sigma"": 0.5, ""weight_decay"": 0.007397846571998547}",967.7,2564.0,9b96afed3de9cef4,58696.0,47.0,"[0.10230012717514411, 0.10230012717514411, 0.09968028172852147, 0.09968028172852147, 0.09968028172852147, 0.09968028172852147, 0.09968028172852147, 0.09968028172852147, 0.09968028172852147, 0.09899143884745687, 0.09899143884745687, 0.09899143884745687, 0.09899143884745687, 0.09899143884745687, 0.09899143884745687]","{""device"": ""cuda"", ""epochs"": 38, ""holdout_loss"": 0.6253194808959961}",0.8541666299143053,0.07912507009055293,0.10207581352033603,0.1126890582586025,0.09899143884745687,1.0,0.9975612730154859,0.9975612730154859,0.0,0.0,0.8772999572100985,0.7920471194174047,0.8678240475615835,0.7771856183609394,0.8847650471527969,0.8683779189863589,False
F2__L09__S8__valid,ineligible,L09,L,S8,F2,valid,b_thin_stochastic,,block N: as-of share 40.4% < 50%,,,,,,,,,,,,,,,,,,,,,,,,,,,,,,,,,,,,,,,False
F2__L10__S1__valid,done,L10,L,S1,F2,valid,b_thin_stochastic,,,,,,,,1942.0,,,9348.0,,,15.0,0.0,3.0,"{""base_ratio"": 20, ""batch_size"": 512, ""dropout"": 0.14680707418683975, ""lr"": 0.00037631426125345945, ""nodes"": [256], ""weight_decay"": 3.3121827306255123e-06}",1139.5,2564.0,9b96afed3de9cef4,58696.0,11.0,"[0.10595731365805508, 0.10595731365805508, 0.10595731365805508, 0.10522920093014017, 0.10522920093014017, 0.10522920093014017, 0.10522920093014017, 0.10522920093014017, 0.10522920093014017, 0.10522920093014017, 0.10522920093014017, 0.10522920093014017, 0.10522920093014017, 0.10522920093014017, 0.10522920093014017]","{""device"": ""cuda"", ""epochs"": 19, ""holdout_loss"": 0.16610024869441986}",0.8374210779791024,0.08429134693841647,0.10799105824769988,0.12064334028674445,0.10522920093014017,1.0,0.9975612730154859,0.9975612730154859,0.0,0.0,0.8772999572100985,0.7920471194174047,0.876773797552658,0.7623987607195636,0.870936433953926,0.8509732417610308,False
F2__L10__S4__valid,done,L10,L,S4,F2,valid,A_method_sweep,,,,,,,,1942.0,,,9348.0,,,15.0,0.0,8.0,"{""base_ratio"": 20, ""batch_size"": 1024, ""dropout"": 0.46151226777324167, ""lr"": 0.0026488021317107755, ""nodes"": [128, 128, 128], ""weight_decay"": 3.1411150806841976e-06}",764.9,2395.0,9b96afed3de9cef4,58696.0,32.0,"[0.10318208791362628, 0.10318208791362628, 0.10277536534890735, 0.10203174759820033, 0.10203174759820033, 0.10195626803760521, 0.10195626803760521, 0.10127366587203096, 0.10124493099780717, 0.10124493099780717, 0.10124493099780717, 0.10124493099780717, 0.10124493099780717, 0.10124493099780717, 0.10124493099780717]","{""device"": ""cuda"", ""epochs"": 29, ""holdout_loss"": 0.15877439081668854}",0.8500050865268195,0.08290924029909408,0.10374198181998714,0.11458652005216031,0.10124493099780717,1.0,0.9975612730154859,0.9975612730154859,0.0,0.0,0.8772999572100985,0.7920471194174047,0.9008984203758431,0.8099346011526369,0.8808870034881024,0.8631140764453703,False
F2__L10__S8-N__valid,done,L10,L,S8-N,F2,valid,b_thin_stochastic_fallback,,,,,,,,1942.0,,,9348.0,,,15.0,0.0,2.0,"{""base_ratio"": 20, ""batch_size"": 512, ""dropout"": 0.26658264248650854, ""lr"": 0.002419659346952735, ""nodes"": [256], ""weight_decay"": 1.8283634209844514e-05}",646.5,2564.0,9b96afed3de9cef4,58696.0,47.0,"[0.10425694495893717, 0.10215586283325002, 0.10112212448220062, 0.10112212448220062, 0.10112212448220062, 0.10112212448220062, 0.10112212448220062, 0.10112212448220062, 0.10112212448220062, 0.10112212448220062, 0.10112212448220062, 0.10112212448220062, 0.10112212448220062, 0.10112212448220062, 0.10112212448220062]","{""device"": ""cuda"", ""epochs"": 47, ""holdout_loss"": 0.15765489637851715}",0.8485349920703105,0.08186575036743982,0.10388453540271095,0.11485367675594074,0.10112212448220062,1.0,0.9975612730154859,0.9975612730154859,0.0,0.0,0.8772999572100985,0.7920471194174047,0.8968808204716707,0.7960631590965015,0.8788940830253652,0.8624516382672265,False
F2__L10__S8__valid,ineligible,L10,L,S8,F2,valid,b_thin_stochastic,,block N: as-of share 40.4% < 50%,,,,,,,,,,,,,,,,,,,,,,,,,,,,,,,,,,,,,,,False
