cell,group,model,fset,task,state,primary,runtime_s,note
F2__D00__REF__valid,reference,D00,REF,D,done,0.08875637844568345,0.5,
F2__L00__REF__valid,reference,L00,REF,L,done,0.142510065108728,0.2,
F2__D01__S4__valid,A_method_sweep,D01,S4,D,done,0.07846107151686489,1.0,
F2__D02__S4__valid,A_method_sweep,D02,S4,D,done,0.07845326255457703,0.8,
F2__D03__S4__valid,A_method_sweep,D03,S4,D,done,0.07851656348500052,0.9,
F2__D04__S4__valid,A_method_sweep,D04,S4,D,done,0.07846947175631036,3.6,
F2__D05__S4__valid,A_method_sweep,D05,S4,D,done,0.07780262749243747,30.0,
F2__D06__S4__valid,A_method_sweep,D06,S4,D,done,0.07811072534793732,158.8,
F2__L01__S4__valid,A_method_sweep,L01,S4,L,done,0.10263248097897323,3.3,
F2__L02__S4__valid,A_method_sweep,L02,S4,L,done,0.10286716538127436,7.4,
F2__L03__S4__valid,A_method_sweep,L03,S4,L,done,0.10828690579571511,5.5,
F2__L04__S4__valid,A_method_sweep,L04,S4,L,done,0.10840507199209723,9.5,
F2__L05__S4__valid,A_method_sweep,L05,S4,L,done,0.09931113116287338,2188.9,
F2__L06__S4__valid,A_method_sweep,L06,S4,L,done,0.10333135943928265,20.4,
F2__L07__S4__valid,A_method_sweep,L07,S4,L,done,0.1010942496112967,255.4,
F2__L08__S4__valid,A_method_sweep,L08,S4,L,done,0.10237060583579968,75.0,
F2__L09__S4__valid,A_method_sweep,L09,S4,L,done,0.09890986261066334,821.5,
F2__L10__S4__valid,A_method_sweep,L10,S4,L,done,0.10124493099780717,764.9,
F2__D01__S1__valid,B_feature_sweep,D01,S1,D,done,0.08311639693736225,0.5,
F2__D05__S1__valid,B_feature_sweep,D05,S1,D,done,0.08294707032314254,10.8,
F2__L02__S1__valid,B_feature_sweep,L02,S1,L,done,0.10588421219478758,4.4,
F2__L05__S1__valid,B_feature_sweep,L05,S1,L,done,0.10581749172148791,867.7,
F2__L07__S1__valid,B_feature_sweep,L07,S1,L,done,0.1049574036655782,169.7,
F2__D01__S2__valid,B_feature_sweep,D01,S2,D,done,0.08236000908125309,0.6,
F2__D05__S2__valid,B_feature_sweep,D05,S2,D,done,0.08195470812824135,34.1,
F2__L02__S2__valid,B_feature_sweep,L02,S2,L,done,0.10648021711528644,5.4,
F2__L05__S2__valid,B_feature_sweep,L05,S2,L,done,0.10501501883989788,941.0,
F2__L07__S2__valid,B_feature_sweep,L07,S2,L,done,0.1052245185496646,555.7,
F2__D01__S3__valid,B_feature_sweep,D01,S3,D,done,0.07840980949838347,0.8,
F2__D05__S3__valid,B_feature_sweep,D05,S3,D,done,0.07807375650165936,23.6,
F2__L02__S3__valid,B_feature_sweep,L02,S3,L,done,0.10284733694338956,6.7,
F2__L05__S3__valid,B_feature_sweep,L05,S3,L,done,0.09931591391817432,1030.7,
F2__L07__S3__valid,B_feature_sweep,L07,S3,L,done,0.10117700405702815,698.5,
F2__D01__S5__valid,B_feature_sweep,D01,S5,D,done,0.07845784333079206,1.0,
F2__D05__S5__valid,B_feature_sweep,D05,S5,D,done,0.07775520143583248,31.1,
F2__L02__S5__valid,B_feature_sweep,L02,S5,L,ineligible,,,block N: as-of share 40.4% < 50%
F2__L05__S5__valid,B_feature_sweep,L05,S5,L,ineligible,,,block N: as-of share 40.4% < 50%
F2__L07__S5__valid,B_feature_sweep,L07,S5,L,ineligible,,,block N: as-of share 40.4% < 50%
F2__D01__S6__valid,B_feature_sweep,D01,S6,D,done,0.07820170472290511,1.0,
F2__D05__S6__valid,B_feature_sweep,D05,S6,D,done,0.07794739306889195,38.2,
F2__L02__S6__valid,B_feature_sweep,L02,S6,L,done,0.10207418064380847,8.1,
F2__L05__S6__valid,B_feature_sweep,L05,S6,L,done,0.09920210257013358,1186.6,
F2__L07__S6__valid,B_feature_sweep,L07,S6,L,done,0.10060014730672669,253.7,
F2__D01__S7__valid,B_feature_sweep,D01,S7,D,done,0.07828756024260226,0.9,
F2__D05__S7__valid,B_feature_sweep,D05,S7,D,done,0.07830191091132427,78.4,
F2__L02__S7__valid,B_feature_sweep,L02,S7,L,done,0.10139716708805598,8.0,
F2__L05__S7__valid,B_feature_sweep,L05,S7,L,done,0.09942551261305173,2360.2,
F2__L07__S7__valid,B_feature_sweep,L07,S7,L,done,0.10019176061340894,671.7,
F2__D01__S8__valid,B_feature_sweep,D01,S8,D,done,0.07806139631577097,1.5,
F2__D05__S8__valid,B_feature_sweep,D05,S8,D,done,0.07804293559471859,53.2,
F2__L02__S8__valid,B_feature_sweep,L02,S8,L,ineligible,,,block N: as-of share 40.4% < 50%
F2__L05__S8__valid,B_feature_sweep,L05,S8,L,ineligible,,,block N: as-of share 40.4% < 50%
F2__L07__S8__valid,B_feature_sweep,L07,S8,L,ineligible,,,block N: as-of share 40.4% < 50%
F2__D02__S1__valid,b_thin_deterministic,D02,S1,D,done,0.08308835860705904,0.4,
F2__D03__S1__valid,b_thin_deterministic,D03,S1,D,done,0.08312727089580514,0.5,
F2__D04__S1__valid,b_thin_deterministic,D04,S1,D,done,0.08320291416491801,1.2,
F2__L01__S1__valid,b_thin_deterministic,L01,S1,L,done,0.10556728431649177,2.9,
F2__L03__S1__valid,b_thin_deterministic,L03,S1,L,done,0.10986142001195813,2.9,
F2__L04__S1__valid,b_thin_deterministic,L04,S1,L,done,0.11004868390015647,6.2,
F2__D02__S8__valid,b_thin_deterministic,D02,S8,D,done,0.07794641862441204,1.2,
F2__D03__S8__valid,b_thin_deterministic,D03,S8,D,done,0.0778866119566854,1.3,
F2__D04__S8__valid,b_thin_deterministic,D04,S8,D,done,0.0786230297712336,5.2,
F2__L01__S8__valid,b_thin_deterministic,L01,S8,L,ineligible,,,block N: as-of share 40.4% < 50%
F2__L03__S8__valid,b_thin_deterministic,L03,S8,L,ineligible,,,block N: as-of share 40.4% < 50%
F2__L04__S8__valid,b_thin_deterministic,L04,S8,L,ineligible,,,block N: as-of share 40.4% < 50%
F2__D06__S1__valid,b_thin_stochastic,D06,S1,D,done,0.08253314125480304,300.4,
F2__L06__S1__valid,b_thin_stochastic,L06,S1,L,done,0.10519505270961756,10.6,
F2__L08__S1__valid,b_thin_stochastic,L08,S1,L,done,0.10512099621134864,59.0,
F2__L09__S1__valid,b_thin_stochastic,L09,S1,L,done,0.10516725753141602,1605.4,
F2__L10__S1__valid,b_thin_stochastic,L10,S1,L,done,0.10522920093014017,1139.5,
F2__D06__S8__valid,b_thin_stochastic,D06,S8,D,done,0.07791128092085507,144.0,
F2__L06__S8__valid,b_thin_stochastic,L06,S8,L,ineligible,,,block N: as-of share 40.4% < 50%
F2__L08__S8__valid,b_thin_stochastic,L08,S8,L,ineligible,,,block N: as-of share 40.4% < 50%
F2__L09__S8__valid,b_thin_stochastic,L09,S8,L,ineligible,,,block N: as-of share 40.4% < 50%
F2__L10__S8__valid,b_thin_stochastic,L10,S8,L,ineligible,,,block N: as-of share 40.4% < 50%
F2__L01__S8-N__valid,b_thin_deterministic_fallback,L01,S8-N,L,done,0.10058902199443318,4.0,
F2__L03__S8-N__valid,b_thin_deterministic_fallback,L03,S8-N,L,done,0.10405077034728243,8.4,
F2__L04__S8-N__valid,b_thin_deterministic_fallback,L04,S8-N,L,done,0.10446225734471197,14.1,
F2__L06__S8-N__valid,b_thin_stochastic_fallback,L06,S8-N,L,done,0.10104508998903856,19.7,
F2__L08__S8-N__valid,b_thin_stochastic_fallback,L08,S8-N,L,done,0.10104303861606603,72.9,
F2__L09__S8-N__valid,b_thin_stochastic_fallback,L09,S8-N,L,done,0.09899143884745687,967.7,
F2__L10__S8-N__valid,b_thin_stochastic_fallback,L10,S8-N,L,done,0.10112212448220062,646.5,
