origin,role,column,block,raw,after_impute,model_input,note
2005,train,age_obs,D,4.0,4.0,-0.4240473210811615,
2005,train,log_age,D,1.3862943649291992,1.3862943649291992,-0.03586409240961075,
2005,train,known_start,D,0.0,0.0,-1.2436914443969727,
2005,train,log_value,R,10.931713104248047,10.931713104248047,-0.4914860129356384,
2005,train,log_value_lag,R,10.086892127990723,10.086892127990723,-0.7118383049964905,
2005,train,log_initial_value,R,9.370416641235352,9.370416641235352,-1.1233712434768677,
2005,train,vn_market_share_lag1,R,0.8394960761070251,0.8394960761070251,0.044597383588552475,
2005,train,volatility_3y_lag1,R,0.8274174928665161,0.8274174928665161,0.018778719007968903,
2005,train,log_gdp_d_lag1,M,26.424413681030273,26.424413681030273,-0.42036327719688416,
2005,train,log_gdpcap_d_lag1,M,10.508193016052246,10.508193016052246,0.2575089931488037,
2005,train,importer_gdp_growth_lag1,M,2.5652554035186768,2.5652554035186768,0.2880386412143707,
2005,train,importer_inflation_lag1,M,2.061206102371216,2.061206102371216,0.0955926701426506,
2005,train,log_total_import_cp_lag1,M,14.418038368225098,14.418038368225098,-1.6203210353851318,
2005,train,log_dist,M,9.12129020690918,9.12129020690918,-0.47154760360717773,
2005,train,log_n_products_to_c_lag1,E,5.424950122833252,5.424950122833252,-0.7265998721122742,
2005,train,log_n_markets_for_p_lag1,E,3.610917806625366,3.610917806625366,0.4780277907848358,
2005,train,log_n_markets_eu27_for_p_lag1,E,2.4849066734313965,2.4849066734313965,0.367870956659317,
2005,train,hs2_share_lag1,E,0.0024408434983342886,0.0024408434983342886,-0.5743774175643921,
2005,train,log_rca_lag,E,2.5016489028930664,2.5016489028930664,1.3041688203811646,
2005,train,vn_product_growth_lag,E,0.2793000042438507,0.2793000042438507,-0.4309922456741333,
2005,train,world_growth_lag1,E,-2.513700008392334,-2.513700008392334,-0.4366534948348999,
2005,train,tariff_applied_lag,P,0.0,0.0,-0.7816146612167358,
2005,train,pref_margin_lag,P,0.0,0.0,-1.3535447120666504,
2005,train,evfta_cut_cum_pp_lag,P,0.0,0.0,,dropped: constant in train
2005,train,pci,C,-3.122999906539917,-3.122999906539917,-2.8011841773986816,
2005,train,importer_eci,C,1.343999981880188,1.343999981880188,0.625882625579834,
2005,train,log_importer_diversity,C,5.991464614868164,5.991464614868164,0.15097634494304657,
2005,train,log_value_lag_isna,R,0.0,0.0,-0.49615591764450073,missing indicator
2005,train,vn_market_share_lag1_isna,R,0.0,0.0,-0.5216924548149109,missing indicator
2005,train,volatility_3y_lag1_isna,R,0.0,0.0,-0.6372323632240295,missing indicator
2005,train,log_total_import_cp_lag1_isna,M,0.0,0.0,,dropped: constant in train
2005,train,log_n_markets_for_p_lag1_isna,E,0.0,0.0,-0.0879409909248352,missing indicator
2005,train,hs2_share_lag1_isna,E,0.0,0.0,-0.15315242111682892,missing indicator
2005,train,log_rca_lag_isna,E,0.0,0.0,-0.08174426108598709,missing indicator
2005,train,vn_product_growth_lag_isna,E,0.0,0.0,-0.10838477313518524,missing indicator
2005,train,world_growth_lag1_isna,E,0.0,0.0,-0.08076508343219757,missing indicator
2005,train,tariff_applied_lag_isna,P,0.0,0.0,-0.1372506320476532,missing indicator
2005,train,pref_margin_lag_isna,P,0.0,0.0,,dropped: constant in train
2005,train,evfta_cut_cum_pp_lag_isna,P,0.0,0.0,,dropped: constant in train
2006,train,age_obs,D,5.0,5.0,-0.17945250868797302,
2006,train,log_age,D,1.6094379425048828,1.6094379425048828,0.2164829522371292,
2006,train,known_start,D,0.0,0.0,-1.2436914443969727,
2006,train,log_value,R,9.859796524047852,9.859796524047852,-1.0448288917541504,
2006,train,log_value_lag,R,10.931713104248047,10.931713104248047,-0.35963043570518494,
2006,train,log_initial_value,R,9.370416641235352,9.370416641235352,-1.1233712434768677,
2006,train,vn_market_share_lag1,R,1.3613611459732056,1.3613611459732056,0.6910202503204346,
2006,train,volatility_3y_lag1,R,0.5153028964996338,0.5153028964996338,-0.24391761422157288,
2006,train,log_gdp_d_lag1,M,26.47250747680664,26.47250747680664,-0.3859405815601349,
2006,train,log_gdpcap_d_lag1,M,10.549473762512207,10.549473762512207,0.32979029417037964,
2006,train,importer_gdp_growth_lag1,M,2.3203651905059814,2.3203651905059814,0.21475087106227875,
2006,train,importer_inflation_lag1,M,2.299137830734253,2.299137830734253,0.23330102860927582,
2006,train,log_total_import_cp_lag1,M,14.471649169921875,14.471649169921875,-1.5883888006210327,
2006,train,log_dist,M,9.12129020690918,9.12129020690918,-0.47154760360717773,
2006,train,log_n_products_to_c_lag1,E,5.48479700088501,5.48479700088501,-0.6425048112869263,
2006,train,log_n_markets_for_p_lag1,E,3.9512436389923096,3.9512436389923096,0.8949391841888428,
2006,train,log_n_markets_eu27_for_p_lag1,E,2.8332133293151855,2.8332133293151855,0.7736515998840332,
2006,train,hs2_share_lag1,E,0.002832110272720456,0.002832110272720456,-0.5698999166488647,
2006,train,log_rca_lag,E,3.0936436653137207,3.0936436653137207,1.9213926792144775,
2006,train,vn_product_growth_lag,E,153.17849731445312,153.17849731445312,1.4390331506729126,
2006,train,world_growth_lag1,E,25.380699157714844,25.380699157714844,0.8850542902946472,
2006,train,tariff_applied_lag,P,0.0,0.0,-0.7816146612167358,
2006,train,pref_margin_lag,P,0.0,0.0,-1.3535447120666504,
2006,train,evfta_cut_cum_pp_lag,P,0.0,0.0,,dropped: constant in train
2006,train,pci,C,-3.1429998874664307,-3.1429998874664307,-2.8219571113586426,
2006,train,importer_eci,C,1.340000033378601,1.340000033378601,0.6111038327217102,
2006,train,log_importer_diversity,C,5.988961219787598,5.988961219787598,0.14325207471847534,
2006,train,log_value_lag_isna,R,0.0,0.0,-0.49615591764450073,missing indicator
2006,train,vn_market_share_lag1_isna,R,0.0,0.0,-0.5216924548149109,missing indicator
2006,train,volatility_3y_lag1_isna,R,0.0,0.0,-0.6372323632240295,missing indicator
2006,train,log_total_import_cp_lag1_isna,M,0.0,0.0,,dropped: constant in train
2006,train,log_n_markets_for_p_lag1_isna,E,0.0,0.0,-0.0879409909248352,missing indicator
2006,train,hs2_share_lag1_isna,E,0.0,0.0,-0.15315242111682892,missing indicator
2006,train,log_rca_lag_isna,E,0.0,0.0,-0.08174426108598709,missing indicator
2006,train,vn_product_growth_lag_isna,E,0.0,0.0,-0.10838477313518524,missing indicator
2006,train,world_growth_lag1_isna,E,0.0,0.0,-0.08076508343219757,missing indicator
2006,train,tariff_applied_lag_isna,P,0.0,0.0,-0.1372506320476532,missing indicator
2006,train,pref_margin_lag_isna,P,0.0,0.0,,dropped: constant in train
2006,train,evfta_cut_cum_pp_lag_isna,P,0.0,0.0,,dropped: constant in train
2007,train,age_obs,D,6.0,6.0,0.06514231860637665,
2007,train,log_age,D,1.7917594909667969,1.7917594909667969,0.42266547679901123,
2007,train,known_start,D,0.0,0.0,-1.2436914443969727,
2007,train,log_value,R,10.377981185913086,10.377981185913086,-0.7773325443267822,
2007,train,log_value_lag,R,9.859796524047852,9.859796524047852,-0.8065149784088135,
2007,train,log_initial_value,R,9.370416641235352,9.370416641235352,-1.1233712434768677,
2007,train,vn_market_share_lag1,R,0.7473512291908264,0.7473512291908264,-0.06954042613506317,
2007,train,volatility_3y_lag1,R,0.564845085144043,0.564845085144043,-0.202219620347023,
2007,train,log_gdp_d_lag1,M,26.53412437438965,26.53412437438965,-0.34183886647224426,
2007,train,log_gdpcap_d_lag1,M,10.606144905090332,10.606144905090332,0.4290197193622589,
2007,train,importer_gdp_growth_lag1,M,3.269335985183716,3.269335985183716,0.4987473487854004,
2007,train,importer_inflation_lag1,M,1.441548466682434,1.441548466682434,-0.2630481719970703,
2007,train,log_total_import_cp_lag1,M,14.359277725219727,14.359277725219727,-1.6553207635879517,
2007,train,log_dist,M,9.12129020690918,9.12129020690918,-0.47154760360717773,
2007,train,log_n_products_to_c_lag1,E,5.609471797943115,5.609471797943115,-0.4673154056072235,
2007,train,log_n_markets_for_p_lag1,E,3.8501474857330322,3.8501474857330322,0.7710927724838257,
2007,train,log_n_markets_eu27_for_p_lag1,E,2.70805025100708,2.70805025100708,0.6278353929519653,
2007,train,hs2_share_lag1,E,0.003011017106473446,0.003011017106473446,-0.5678526163101196,
2007,train,log_rca_lag,E,2.605160713195801,2.605160713195801,1.4120920896530151,
2007,train,vn_product_growth_lag,E,-40.744598388671875,-40.744598388671875,-0.9327328205108643,
2007,train,world_growth_lag1,E,-6.440199851989746,-6.440199851989746,-0.622701108455658,
2007,train,tariff_applied_lag,P,0.0,0.0,-0.7816146612167358,
2007,train,pref_margin_lag,P,0.0,0.0,-1.3535447120666504,
2007,train,evfta_cut_cum_pp_lag,P,0.0,0.0,,dropped: constant in train
2007,train,pci,C,-2.9649999141693115,-2.9649999141693115,-2.637077808380127,
2007,train,importer_eci,C,1.3680000305175781,1.3680000305175781,0.7145565748214722,
2007,train,log_importer_diversity,C,6.028278350830078,6.028278350830078,0.2645658552646637,
2007,train,log_value_lag_isna,R,0.0,0.0,-0.49615591764450073,missing indicator
2007,train,vn_market_share_lag1_isna,R,0.0,0.0,-0.5216924548149109,missing indicator
2007,train,volatility_3y_lag1_isna,R,0.0,0.0,-0.6372323632240295,missing indicator
2007,train,log_total_import_cp_lag1_isna,M,0.0,0.0,,dropped: constant in train
2007,train,log_n_markets_for_p_lag1_isna,E,0.0,0.0,-0.0879409909248352,missing indicator
2007,train,hs2_share_lag1_isna,E,0.0,0.0,-0.15315242111682892,missing indicator
2007,train,log_rca_lag_isna,E,0.0,0.0,-0.08174426108598709,missing indicator
2007,train,vn_product_growth_lag_isna,E,0.0,0.0,-0.10838477313518524,missing indicator
2007,train,world_growth_lag1_isna,E,0.0,0.0,-0.08076508343219757,missing indicator
2007,train,tariff_applied_lag_isna,P,0.0,0.0,-0.1372506320476532,missing indicator
2007,train,pref_margin_lag_isna,P,0.0,0.0,,dropped: constant in train
2007,train,evfta_cut_cum_pp_lag_isna,P,0.0,0.0,,dropped: constant in train
2011,train,age_obs,D,1.0,1.0,-1.1578317880630493,
2011,train,log_age,D,0.0,0.0,-1.6035869121551514,
2011,train,known_start,D,1.0,1.0,0.8040579557418823,
2011,train,log_value,R,11.288819313049316,11.288819313049316,-0.3071412742137909,
2011,train,log_value_lag,R,,11.783895492553711,-0.004353598691523075,imputed with train median
2011,train,log_initial_value,R,11.288819313049316,11.288819313049316,0.11082693189382553,
2011,train,vn_market_share_lag1,R,,0.5538851022720337,-0.30918270349502563,imputed with train median
2011,train,volatility_3y_lag1,R,,0.5034544765949249,-0.2538900375366211,imputed with train median
2011,train,log_gdp_d_lag1,M,26.6889705657959,26.6889705657959,-0.2310091108083725,
2011,train,log_gdpcap_d_lag1,M,10.749594688415527,10.749594688415527,0.6801958084106445,
2011,train,importer_gdp_growth_lag1,M,1.8089823722839355,1.8089823722839355,0.061710424721241,
2011,train,importer_inflation_lag1,M,1.8135343790054321,1.8135343790054321,-0.04775293543934822,
2011,train,log_total_import_cp_lag1,M,,17.1347017288208,-0.0021906038746237755,imputed with train median
2011,train,log_dist,M,9.12129020690918,9.12129020690918,-0.47154760360717773,
2011,train,log_n_products_to_c_lag1,E,5.913503170013428,5.913503170013428,-0.0400993712246418,
2011,train,log_n_markets_for_p_lag1,E,4.127134323120117,4.127134323120117,1.110411524772644,
2011,train,log_n_markets_eu27_for_p_lag1,E,2.890371799468994,2.890371799468994,0.8402417898178101,
2011,train,hs2_share_lag1,E,0.00951889343559742,0.00951889343559742,-0.4933795630931854,
2011,train,log_rca_lag,E,3.1276636123657227,3.1276636123657227,1.956862449645996,
2011,train,vn_product_growth_lag,E,15.278800010681152,15.278800010681152,-0.24754168093204498,
2011,train,world_growth_lag1,E,1.0532000064849854,1.0532000064849854,-0.2676446735858917,
2011,train,tariff_applied_lag,P,0.0,0.0,-0.7816146612167358,
2011,train,pref_margin_lag,P,0.0,0.0,-1.3535447120666504,
2011,train,evfta_cut_cum_pp_lag,P,0.0,0.0,,dropped: constant in train
2011,train,pci,C,-3.188999891281128,-3.188999891281128,-2.869734764099121,
2011,train,importer_eci,C,1.4290000200271606,1.4290000200271606,0.9399356842041016,
2011,train,log_importer_diversity,C,6.091310024261475,6.091310024261475,0.45905131101608276,
2011,train,log_value_lag_isna,R,1.0,1.0,2.0154953002929688,missing indicator
2011,train,vn_market_share_lag1_isna,R,1.0,1.0,1.9168381690979004,missing indicator
2011,train,volatility_3y_lag1_isna,R,1.0,1.0,1.5692863464355469,missing indicator
2011,train,log_total_import_cp_lag1_isna,M,1.0,1.0,,dropped: constant in train
2011,train,log_n_markets_for_p_lag1_isna,E,0.0,0.0,-0.0879409909248352,missing indicator
2011,train,hs2_share_lag1_isna,E,0.0,0.0,-0.15315242111682892,missing indicator
2011,train,log_rca_lag_isna,E,0.0,0.0,-0.08174426108598709,missing indicator
2011,train,vn_product_growth_lag_isna,E,0.0,0.0,-0.10838477313518524,missing indicator
2011,train,world_growth_lag1_isna,E,0.0,0.0,-0.08076508343219757,missing indicator
2011,train,tariff_applied_lag_isna,P,0.0,0.0,-0.1372506320476532,missing indicator
2011,train,pref_margin_lag_isna,P,0.0,0.0,,dropped: constant in train
2011,train,evfta_cut_cum_pp_lag_isna,P,0.0,0.0,,dropped: constant in train
2012,train,age_obs,D,2.0,2.0,-0.9132369756698608,
2012,train,log_age,D,0.6931471824645996,0.6931471824645996,-0.819725513458252,
2012,train,known_start,D,1.0,1.0,0.8040579557418823,
2012,train,log_value,R,9.457625389099121,9.457625389099121,-1.2524369955062866,
2012,train,log_value_lag,R,11.288819313049316,11.288819313049316,-0.21075202524662018,
2012,train,log_initial_value,R,11.288819313049316,11.288819313049316,0.11082693189382553,
2012,train,vn_market_share_lag1,R,0.9278634786605835,0.9278634786605835,0.15405616164207458,
2012,train,volatility_3y_lag1,R,,0.5034544765949249,-0.2538900375366211,imputed with train median
2012,train,log_gdp_d_lag1,M,26.784616470336914,26.784616470336914,-0.1625514179468155,
2012,train,log_gdpcap_d_lag1,M,10.841870307922363,10.841870307922363,0.8417675495147705,
2012,train,importer_gdp_growth_lag1,M,2.9274680614471436,2.9274680614471436,0.39643725752830505,
2012,train,importer_inflation_lag1,M,3.286579132080078,3.286579132080078,0.8048049807548523,
2012,train,log_total_import_cp_lag1,M,15.469314575195312,15.469314575195312,-0.994147777557373,
2012,train,log_dist,M,9.12129020690918,9.12129020690918,-0.47154760360717773,
2012,train,log_n_products_to_c_lag1,E,6.016157150268555,6.016157150268555,0.10414700955152512,
2012,train,log_n_markets_for_p_lag1,E,4.110873699188232,4.110873699188232,1.090491771697998,
2012,train,log_n_markets_eu27_for_p_lag1,E,3.044522523880005,3.044522523880005,1.0198289155960083,
2012,train,hs2_share_lag1,E,0.00810206588357687,0.00810206588357687,-0.5095930695533752,
2012,train,log_rca_lag,E,2.976529121398926,2.976529121398926,1.7992870807647705,
2012,train,vn_product_growth_lag,E,84.0635986328125,84.0635986328125,0.5937271118164062,
2012,train,world_growth_lag1,E,94.8197021484375,94.8197021484375,4.175251483917236,
2012,train,tariff_applied_lag,P,0.0,0.0,-0.7816146612167358,
2012,train,pref_margin_lag,P,0.0,0.0,-1.3535447120666504,
2012,train,evfta_cut_cum_pp_lag,P,0.0,0.0,,dropped: constant in train
2012,train,pci,C,-3.242000102996826,-3.242000102996826,-2.92478346824646,
2012,train,importer_eci,C,1.3839999437332153,1.3839999437332153,0.7736721038818359,
2012,train,log_importer_diversity,C,6.08904504776001,6.08904504776001,0.4520626664161682,
2012,train,log_value_lag_isna,R,0.0,0.0,-0.49615591764450073,missing indicator
2012,train,vn_market_share_lag1_isna,R,0.0,0.0,-0.5216924548149109,missing indicator
2012,train,volatility_3y_lag1_isna,R,1.0,1.0,1.5692863464355469,missing indicator
2012,train,log_total_import_cp_lag1_isna,M,0.0,0.0,,dropped: constant in train
2012,train,log_n_markets_for_p_lag1_isna,E,0.0,0.0,-0.0879409909248352,missing indicator
2012,train,hs2_share_lag1_isna,E,0.0,0.0,-0.15315242111682892,missing indicator
2012,train,log_rca_lag_isna,E,0.0,0.0,-0.08174426108598709,missing indicator
2012,train,vn_product_growth_lag_isna,E,0.0,0.0,-0.10838477313518524,missing indicator
2012,train,world_growth_lag1_isna,E,0.0,0.0,-0.08076508343219757,missing indicator
2012,train,tariff_applied_lag_isna,P,0.0,0.0,-0.1372506320476532,missing indicator
2012,train,pref_margin_lag_isna,P,0.0,0.0,,dropped: constant in train
2012,train,evfta_cut_cum_pp_lag_isna,P,0.0,0.0,,dropped: constant in train
2013,train,age_obs,D,3.0,3.0,-0.6686421632766724,
2013,train,log_age,D,1.0986123085021973,1.0986123085021973,-0.36119595170021057,
2013,train,known_start,D,1.0,1.0,0.8040579557418823,
2013,train,log_value,R,10.494786262512207,10.494786262512207,-0.7170355916023254,
2013,train,log_value_lag,R,9.457625389099121,9.457625389099121,-0.974181056022644,
2013,train,log_initial_value,R,11.288819313049316,11.288819313049316,0.11082693189382553,
2013,train,vn_market_share_lag1,R,0.2837493419647217,0.2837493419647217,-0.6437939405441284,
2013,train,volatility_3y_lag1,R,1.2948493957519531,1.2948493957519531,0.412200391292572,
2013,train,log_gdp_d_lag1,M,26.73146629333496,26.73146629333496,-0.20059317350387573,
2013,train,log_gdpcap_d_lag1,M,10.784159660339355,10.784159660339355,0.7407180070877075,
2013,train,importer_gdp_growth_lag1,M,0.6282462477684021,0.6282462477684021,-0.29164597392082214,
2013,train,importer_inflation_lag1,M,2.485675573348999,2.485675573348999,0.34126394987106323,
2013,train,log_total_import_cp_lag1,M,15.177160263061523,15.177160263061523,-1.1681641340255737,
2013,train,log_dist,M,9.12129020690918,9.12129020690918,-0.47154760360717773,
2013,train,log_n_products_to_c_lag1,E,6.111467361450195,6.111467361450195,0.2380741387605667,
2013,train,log_n_markets_for_p_lag1,E,4.234106540679932,4.234106540679932,1.241456389427185,
2013,train,log_n_markets_eu27_for_p_lag1,E,2.944438934326172,2.944438934326172,0.9032305479049683,
2013,train,hs2_share_lag1,E,0.010670514777302742,0.010670514777302742,-0.48020094633102417,
2013,train,log_rca_lag,E,2.9816231727600098,2.9816231727600098,1.8045982122421265,
2013,train,vn_product_growth_lag,E,8.788700103759766,8.788700103759766,-0.32691848278045654,
2013,train,world_growth_lag1,E,-17.38279914855957,-17.38279914855957,-1.1411893367767334,
2013,train,tariff_applied_lag,P,0.0,0.0,-0.7816146612167358,
2013,train,pref_margin_lag,P,0.0,0.0,-1.3535447120666504,
2013,train,evfta_cut_cum_pp_lag,P,0.0,0.0,,dropped: constant in train
2013,train,pci,C,-3.0250000953674316,-3.0250000953674316,-2.699396848678589,
2013,train,importer_eci,C,1.4019999504089355,1.4019999504089355,0.8401774168014526,
2013,train,log_importer_diversity,C,6.084499359130859,6.084499359130859,0.43803685903549194,
2013,train,log_value_lag_isna,R,0.0,0.0,-0.49615591764450073,missing indicator
2013,train,vn_market_share_lag1_isna,R,0.0,0.0,-0.5216924548149109,missing indicator
2013,train,volatility_3y_lag1_isna,R,0.0,0.0,-0.6372323632240295,missing indicator
2013,train,log_total_import_cp_lag1_isna,M,0.0,0.0,,dropped: constant in train
2013,train,log_n_markets_for_p_lag1_isna,E,0.0,0.0,-0.0879409909248352,missing indicator
2013,train,hs2_share_lag1_isna,E,0.0,0.0,-0.15315242111682892,missing indicator
2013,train,log_rca_lag_isna,E,0.0,0.0,-0.08174426108598709,missing indicator
2013,train,vn_product_growth_lag_isna,E,0.0,0.0,-0.10838477313518524,missing indicator
2013,train,world_growth_lag1_isna,E,0.0,0.0,-0.08076508343219757,missing indicator
2013,train,tariff_applied_lag_isna,P,0.0,0.0,-0.1372506320476532,missing indicator
2013,train,pref_margin_lag_isna,P,0.0,0.0,,dropped: constant in train
2013,train,evfta_cut_cum_pp_lag_isna,P,0.0,0.0,,dropped: constant in train
2014,train,age_obs,D,4.0,4.0,-0.4240473210811615,
2014,train,log_age,D,1.3862943649291992,1.3862943649291992,-0.03586409240961075,
2014,train,known_start,D,1.0,1.0,0.8040579557418823,
2014,train,log_value,R,10.665748596191406,10.665748596191406,-0.6287817358970642,
2014,train,log_value_lag,R,10.494786262512207,10.494786262512207,-0.541786253452301,
2014,train,log_initial_value,R,11.288819313049316,11.288819313049316,0.11082693189382553,
2014,train,vn_market_share_lag1,R,0.6641817092895508,0.6641817092895508,-0.1725606918334961,
2014,train,volatility_3y_lag1,R,0.9182828664779663,0.9182828664779663,0.09525704383850098,
2014,train,log_gdp_d_lag1,M,26.77906608581543,26.77906608581543,-0.16652406752109528,
2014,train,log_gdpcap_d_lag1,M,10.82586669921875,10.82586669921875,0.8137457370758057,
2014,train,importer_gdp_growth_lag1,M,-0.2507264316082001,-0.2507264316082001,-0.5546942353248596,
2014,train,importer_inflation_lag1,M,2.0001561641693115,2.0001561641693115,0.060258638113737106,
2014,train,log_total_import_cp_lag1,M,15.158698081970215,15.158698081970215,-1.179160714149475,
2014,train,log_dist,M,9.12129020690918,9.12129020690918,-0.47154760360717773,
2014,train,log_n_products_to_c_lag1,E,6.08904504776001,6.08904504776001,0.2065669596195221,
2014,train,log_n_markets_for_p_lag1,E,4.110873699188232,4.110873699188232,1.090491771697998,
2014,train,log_n_markets_eu27_for_p_lag1,E,2.70805025100708,2.70805025100708,0.6278353929519653,
2014,train,hs2_share_lag1,E,0.011738667264580727,0.011738667264580727,-0.46797749400138855,
2014,train,log_rca_lag,E,2.6298940181732178,2.6298940181732178,1.4378794431686401,
2014,train,vn_product_growth_lag,E,-30.361099243164062,-30.361099243164062,-0.8057379722595215,
2014,train,world_growth_lag1,E,-9.145000457763672,-9.145000457763672,-0.7508614659309387,
2014,train,tariff_applied_lag,P,0.0,0.0,-0.7816146612167358,
2014,train,pref_margin_lag,P,0.0,0.0,-1.3535447120666504,
2014,train,evfta_cut_cum_pp_lag,P,0.0,0.0,,dropped: constant in train
2014,train,pci,C,-2.8910000324249268,-2.8910000324249268,-2.560218095779419,
2014,train,importer_eci,C,1.4390000104904175,1.4390000104904175,0.976883053779602,
2014,train,log_importer_diversity,C,6.08904504776001,6.08904504776001,0.4520626664161682,
2014,train,log_value_lag_isna,R,0.0,0.0,-0.49615591764450073,missing indicator
2014,train,vn_market_share_lag1_isna,R,0.0,0.0,-0.5216924548149109,missing indicator
2014,train,volatility_3y_lag1_isna,R,0.0,0.0,-0.6372323632240295,missing indicator
2014,train,log_total_import_cp_lag1_isna,M,0.0,0.0,,dropped: constant in train
2014,train,log_n_markets_for_p_lag1_isna,E,0.0,0.0,-0.0879409909248352,missing indicator
2014,train,hs2_share_lag1_isna,E,0.0,0.0,-0.15315242111682892,missing indicator
2014,train,log_rca_lag_isna,E,0.0,0.0,-0.08174426108598709,missing indicator
2014,train,vn_product_growth_lag_isna,E,0.0,0.0,-0.10838477313518524,missing indicator
2014,train,world_growth_lag1_isna,E,0.0,0.0,-0.08076508343219757,missing indicator
2014,train,tariff_applied_lag_isna,P,0.0,0.0,-0.1372506320476532,missing indicator
2014,train,pref_margin_lag_isna,P,0.0,0.0,,dropped: constant in train
2014,train,evfta_cut_cum_pp_lag_isna,P,0.0,0.0,,dropped: constant in train
2015,train,age_obs,D,5.0,5.0,-0.17945250868797302,
2015,train,log_age,D,1.6094379425048828,1.6094379425048828,0.2164829522371292,
2015,train,known_start,D,1.0,1.0,0.8040579557418823,
2015,train,log_value,R,11.33302116394043,11.33302116394043,-0.28432345390319824,
2015,train,log_value_lag,R,10.665748596191406,10.665748596191406,-0.47051167488098145,
2015,train,log_initial_value,R,11.288819313049316,11.288819313049316,0.11082693189382553,
2015,train,vn_market_share_lag1,R,0.5595015287399292,0.5595015287399292,-0.3022257387638092,
2015,train,volatility_3y_lag1,R,0.6537701487541199,0.6537701487541199,-0.12737439572811127,
2015,train,log_gdp_d_lag1,M,26.806753158569336,26.806753158569336,-0.14670729637145996,
2015,train,log_gdpcap_d_lag1,M,10.84573745727539,10.84573745727539,0.8485388159751892,
2015,train,importer_gdp_growth_lag1,M,0.755798876285553,0.755798876285553,-0.25347355008125305,
2015,train,importer_inflation_lag1,M,1.6058118343353271,1.6058118343353271,-0.16797704994678497,
2015,train,log_total_import_cp_lag1,M,15.558833122253418,15.558833122253418,-0.9408277273178101,
2015,train,log_dist,M,9.12129020690918,9.12129020690918,-0.47154760360717773,
2015,train,log_n_products_to_c_lag1,E,6.156979084014893,6.156979084014893,0.3020258843898773,
2015,train,log_n_markets_for_p_lag1,E,4.18965482711792,4.18965482711792,1.1870014667510986,
2015,train,log_n_markets_eu27_for_p_lag1,E,2.890371799468994,2.890371799468994,0.8402417898178101,
2015,train,hs2_share_lag1,E,0.011450623162090778,0.011450623162090778,-0.4712737500667572,
2015,train,log_rca_lag,E,2.5875308513641357,2.5875308513641357,1.3937108516693115,
2015,train,vn_product_growth_lag,E,68.11519622802734,68.11519622802734,0.39867103099823,
2015,train,world_growth_lag1,E,56.21590042114258,56.21590042114258,2.346104860305786,
2015,train,tariff_applied_lag,P,0.0,0.0,-0.7816146612167358,
2015,train,pref_margin_lag,P,0.0,0.0,-1.3535447120666504,
2015,train,evfta_cut_cum_pp_lag,P,0.0,0.0,,dropped: constant in train
2015,train,pci,C,-2.8450000286102295,-2.8450000286102295,-2.5124402046203613,
2015,train,importer_eci,C,1.465999960899353,1.465999960899353,1.0766408443450928,
2015,train,log_importer_diversity,C,6.049733638763428,6.049733638763428,0.33076655864715576,
2015,train,log_value_lag_isna,R,0.0,0.0,-0.49615591764450073,missing indicator
2015,train,vn_market_share_lag1_isna,R,0.0,0.0,-0.5216924548149109,missing indicator
2015,train,volatility_3y_lag1_isna,R,0.0,0.0,-0.6372323632240295,missing indicator
2015,train,log_total_import_cp_lag1_isna,M,0.0,0.0,,dropped: constant in train
2015,train,log_n_markets_for_p_lag1_isna,E,0.0,0.0,-0.0879409909248352,missing indicator
2015,train,hs2_share_lag1_isna,E,0.0,0.0,-0.15315242111682892,missing indicator
2015,train,log_rca_lag_isna,E,0.0,0.0,-0.08174426108598709,missing indicator
2015,train,vn_product_growth_lag_isna,E,0.0,0.0,-0.10838477313518524,missing indicator
2015,train,world_growth_lag1_isna,E,0.0,0.0,-0.08076508343219757,missing indicator
2015,train,tariff_applied_lag_isna,P,0.0,0.0,-0.1372506320476532,missing indicator
2015,train,pref_margin_lag_isna,P,0.0,0.0,,dropped: constant in train
2015,train,evfta_cut_cum_pp_lag_isna,P,0.0,0.0,,dropped: constant in train
2019,test (origin 2019),age_obs,D,9.0,9.0,0.7989267706871033,
2019,test (origin 2019),log_age,D,2.1972246170043945,2.1972246170043945,0.8811950087547302,
2019,test (origin 2019),known_start,D,1.0,1.0,0.8040579557418823,
2019,test (origin 2019),log_value,R,10.41286563873291,10.41286563873291,-0.7593245506286621,
2019,test (origin 2019),log_value_lag,R,10.78717041015625,10.78717041015625,-0.4198906421661377,
2019,test (origin 2019),log_initial_value,R,11.288819313049316,11.288819313049316,0.11082693189382553,
2019,test (origin 2019),vn_market_share_lag1,R,0.5053707361221313,0.5053707361221313,-0.36927637457847595,
2019,test (origin 2019),volatility_3y_lag1,R,1.2120640277862549,1.2120640277862549,0.3425227403640747,
2019,test (origin 2019),log_gdp_d_lag1,M,26.83823585510254,26.83823585510254,-0.1241738349199295,
2019,test (origin 2019),log_gdpcap_d_lag1,M,10.843379020690918,10.843379020690918,0.8444092869758606,
2019,test (origin 2019),importer_gdp_growth_lag1,M,2.4842212200164795,2.4842212200164795,0.26378771662712097,
2019,test (origin 2019),importer_inflation_lag1,M,1.9983798265457153,1.9983798265457153,0.05923054367303848,
2019,test (origin 2019),log_total_import_cp_lag1,M,15.811405181884766,15.811405181884766,-0.7903878092765808,
2019,test (origin 2019),log_dist,M,9.12129020690918,9.12129020690918,-0.47154760360717773,
2019,test (origin 2019),log_n_products_to_c_lag1,E,6.385194301605225,6.385194301605225,0.6227072477340698,
2019,test (origin 2019),log_n_markets_for_p_lag1,E,4.158883094787598,4.158883094787598,1.149304986000061,
2019,test (origin 2019),log_n_markets_eu27_for_p_lag1,E,2.8332133293151855,2.8332133293151855,0.7736515998840332,
2019,test (origin 2019),hs2_share_lag1,E,0.01835768111050129,0.01835768111050129,-0.39223262667655945,
2019,test (origin 2019),log_rca_lag,E,1.8413587808609009,1.8413587808609009,0.615739107131958,
2019,test (origin 2019),vn_product_growth_lag,E,93.74230194091797,93.74230194091797,0.712101936340332,
2019,test (origin 2019),world_growth_lag1,E,-0.3370000123977661,-0.3370000123977661,-0.3335159122943878,
2019,test (origin 2019),tariff_applied_lag,P,0.0,0.0,-0.7816146612167358,
2019,test (origin 2019),pref_margin_lag,P,0.0,0.0,-1.3535447120666504,
2019,test (origin 2019),evfta_cut_cum_pp_lag,P,0.0,0.0,,dropped: constant in train
2019,test (origin 2019),pci,C,-2.947999954223633,-2.947999954223633,-2.6194210052490234,
2019,test (origin 2019),importer_eci,C,1.3760000467300415,1.3760000467300415,0.7441145181655884,
2019,test (origin 2019),log_importer_diversity,C,6.040254592895508,6.040254592895508,0.3015187680721283,
2019,test (origin 2019),log_value_lag_isna,R,0.0,0.0,-0.49615591764450073,missing indicator
2019,test (origin 2019),vn_market_share_lag1_isna,R,0.0,0.0,-0.5216924548149109,missing indicator
2019,test (origin 2019),volatility_3y_lag1_isna,R,0.0,0.0,-0.6372323632240295,missing indicator
2019,test (origin 2019),log_total_import_cp_lag1_isna,M,0.0,0.0,,dropped: constant in train
2019,test (origin 2019),log_n_markets_for_p_lag1_isna,E,0.0,0.0,-0.0879409909248352,missing indicator
2019,test (origin 2019),hs2_share_lag1_isna,E,0.0,0.0,-0.15315242111682892,missing indicator
2019,test (origin 2019),log_rca_lag_isna,E,0.0,0.0,-0.08174426108598709,missing indicator
2019,test (origin 2019),vn_product_growth_lag_isna,E,0.0,0.0,-0.10838477313518524,missing indicator
2019,test (origin 2019),world_growth_lag1_isna,E,0.0,0.0,-0.08076508343219757,missing indicator
2019,test (origin 2019),tariff_applied_lag_isna,P,0.0,0.0,-0.1372506320476532,missing indicator
2019,test (origin 2019),pref_margin_lag_isna,P,0.0,0.0,,dropped: constant in train
2019,test (origin 2019),evfta_cut_cum_pp_lag_isna,P,0.0,0.0,,dropped: constant in train
