origin,age_obs,log_age,known_start,log_value,log_value_lag,log_initial_value,vn_market_share_lag1,volatility_3y_lag1,log_gdp_d_lag1,log_gdpcap_d_lag1,importer_gdp_growth_lag1,importer_inflation_lag1,log_total_import_cp_lag1,log_dist,log_n_products_to_c_lag1,log_n_markets_for_p_lag1,log_n_markets_eu27_for_p_lag1,hs2_share_lag1,log_rca_lag,vn_product_growth_lag,world_growth_lag1,tariff_applied_lag,pref_margin_lag,pci,importer_eci,log_importer_diversity,log_value_lag_isna,vn_market_share_lag1_isna,volatility_3y_lag1_isna,log_n_markets_for_p_lag1_isna,hs2_share_lag1_isna,log_rca_lag_isna,vn_product_growth_lag_isna,world_growth_lag1_isna,tariff_applied_lag_isna
2005,-0.42404732,-0.035864092,-1.2436914,-0.491486,-0.7118383,-1.1233712,0.044597384,0.018778719,-0.42036328,0.257509,0.28803864,0.09559267,-1.620321,-0.4715476,-0.7265999,0.4780278,0.36787096,-0.5743774,1.3041688,-0.43099225,-0.4366535,-0.78161466,-1.3535447,-2.8011842,0.6258826,0.15097634,-0.49615592,-0.52169245,-0.63723236,-0.08794099,-0.15315242,-0.08174426,-0.10838477,-0.08076508,-0.13725063
2006,-0.17945251,0.21648295,-1.2436914,-1.0448289,-0.35963044,-1.1233712,0.69102025,-0.24391761,-0.38594058,0.3297903,0.21475087,0.23330103,-1.5883888,-0.4715476,-0.6425048,0.8949392,0.7736516,-0.5698999,1.9213927,1.4390332,0.8850543,-0.78161466,-1.3535447,-2.821957,0.61110383,0.14325207,-0.49615592,-0.52169245,-0.63723236,-0.08794099,-0.15315242,-0.08174426,-0.10838477,-0.08076508,-0.13725063
2007,0.06514232,0.42266548,-1.2436914,-0.77733254,-0.806515,-1.1233712,-0.069540426,-0.20221962,-0.34183887,0.42901972,0.49874735,-0.26304817,-1.6553208,-0.4715476,-0.4673154,0.7710928,0.6278354,-0.5678526,1.4120921,-0.9327328,-0.6227011,-0.78161466,-1.3535447,-2.6370778,0.7145566,0.26456586,-0.49615592,-0.52169245,-0.63723236,-0.08794099,-0.15315242,-0.08174426,-0.10838477,-0.08076508,-0.13725063
2011,-1.1578318,-1.6035869,0.80405796,-0.30714127,-0.0043535987,0.11082693,-0.3091827,-0.25389004,-0.23100911,0.6801958,0.061710425,-0.047752935,-0.0021906039,-0.4715476,-0.04009937,1.1104115,0.8402418,-0.49337956,1.9568624,-0.24754168,-0.26764467,-0.78161466,-1.3535447,-2.8697348,0.9399357,0.4590513,2.0154953,1.9168382,1.5692863,-0.08794099,-0.15315242,-0.08174426,-0.10838477,-0.08076508,-0.13725063
2012,-0.913237,-0.8197255,0.80405796,-1.252437,-0.21075203,0.11082693,0.15405616,-0.25389004,-0.16255142,0.84176755,0.39643726,0.804805,-0.9941478,-0.4715476,0.10414701,1.0904918,1.0198289,-0.50959307,1.7992871,0.5937271,4.1752515,-0.78161466,-1.3535447,-2.9247835,0.7736721,0.45206267,-0.49615592,-0.52169245,1.5692863,-0.08794099,-0.15315242,-0.08174426,-0.10838477,-0.08076508,-0.13725063
2013,-0.66864216,-0.36119595,0.80405796,-0.7170356,-0.97418106,0.11082693,-0.64379394,0.4122004,-0.20059317,0.740718,-0.29164597,0.34126395,-1.1681641,-0.4715476,0.23807414,1.2414564,0.90323055,-0.48020095,1.8045982,-0.32691848,-1.1411893,-0.78161466,-1.3535447,-2.6993968,0.8401774,0.43803686,-0.49615592,-0.52169245,-0.63723236,-0.08794099,-0.15315242,-0.08174426,-0.10838477,-0.08076508,-0.13725063
2014,-0.42404732,-0.035864092,0.80405796,-0.62878174,-0.54178625,0.11082693,-0.17256069,0.095257044,-0.16652407,0.81374574,-0.55469424,0.060258638,-1.1791607,-0.4715476,0.20656696,1.0904918,0.6278354,-0.4679775,1.4378794,-0.805738,-0.75086147,-0.78161466,-1.3535447,-2.560218,0.97688305,0.45206267,-0.49615592,-0.52169245,-0.63723236,-0.08794099,-0.15315242,-0.08174426,-0.10838477,-0.08076508,-0.13725063
2015,-0.17945251,0.21648295,0.80405796,-0.28432345,-0.47051167,0.11082693,-0.30222574,-0.1273744,-0.1467073,0.8485388,-0.25347355,-0.16797705,-0.9408277,-0.4715476,0.30202588,1.1870015,0.8402418,-0.47127375,1.3937109,0.39867103,2.3461049,-0.78161466,-1.3535447,-2.5124402,1.0766408,0.33076656,-0.49615592,-0.52169245,-0.63723236,-0.08794099,-0.15315242,-0.08174426,-0.10838477,-0.08076508,-0.13725063
2019,0.7989268,0.881195,0.80405796,-0.75932455,-0.41989064,0.11082693,-0.36927637,0.34252274,-0.124173835,0.8444093,0.26378772,0.059230544,-0.7903878,-0.4715476,0.62270725,1.149305,0.7736516,-0.39223263,0.6157391,0.71210194,-0.3335159,-0.78161466,-1.3535447,-2.619421,0.7441145,0.30151877,-0.49615592,-0.52169245,-0.63723236,-0.08794099,-0.15315242,-0.08174426,-0.10838477,-0.08076508,-0.13725063
