model,base,dropped,score,diff,lo,hi,p_le_0,B,note
D05,S8,C,0.07778644095540627,-0.0002564946393123323,-0.0006415054103992919,0.00014466042511196295,0.895,1000,
D05,S8,E,0.07972665140777822,0.001683715813059631,0.0006803230504869885,0.002664065154313066,0.0,1000,
D05,S8,H,0.07862823479333698,0.0005852991986183805,0.0002293911663751766,0.0009334361460501139,0.0,1000,
D05,S8,L,0.07720062393516695,-0.0008423116595516424,-0.0011792628965784353,-0.0004680904259172591,1.0,1000,
D05,S8,M,0.0782622079669753,0.00021927237225671578,-0.00025153362445292954,0.0006592986001135082,0.188,1000,
D05,S8,N,0.07822542142061427,0.00018248582589567056,-0.0002793974369471037,0.0006066757881381707,0.241,1000,
D05,S8,P,0.07807665128746885,3.3715692750256964e-05,-0.00043071417685594646,0.0004856963471888813,0.456,1000,
D05,S8,R,0.08197877939396966,0.003935843799251071,0.002769214090175242,0.005027955880768989,0.0,1000,
L02,S8-N,C,0.10189952417147649,0.0008571349352769283,0.00038204238205469796,0.001344269808792647,0.0,1000,
L02,S8-N,E,0.10397284561301347,0.0029304561648927905,0.0017689141766000878,0.004004642603282688,0.0,1000,
L02,S8-N,H,0.10089806916652085,-0.00014432030679610263,-0.0004169046631435747,0.0001409369593500047,0.829,1000,
L02,S8-N,L,0.10210946953484172,0.0010670801170962576,0.0007794088300173541,0.001380682073808439,0.0,1000,
L02,S8-N,M,0.10081964695219725,-0.0002227425667564125,-0.0004384810101827373,-9.436325785250052e-06,0.979,1000,
L02,S8-N,P,0.10104034821646748,-2.0411847352671083e-06,-8.87016367065877e-05,9.392224943555464e-05,0.499,1000,
L02,S8-N,R,0.10605182037025282,0.005009431035060088,0.004062792956396436,0.005884883545964317,0.0,1000,
L05,S8-N,C,0.09941924721683545,0.00015939267713316972,-0.00019454216393224123,0.0005025647765487101,0.221,1000,
L05,S8-N,E,0.10224065818356298,0.002980803790263925,0.0020367569830012687,0.00393209990979469,0.0,1000,
L05,S8-N,H,0.09952420101307048,0.0002643466196076698,-0.00012700184484581184,0.0006397194682119143,0.089,1000,
L05,S8-N,L,0.09953514939354073,0.0002752950017973606,-6.180553314157803e-05,0.0005674393321570859,0.054,1000,
L05,S8-N,M,0.09934904918554721,8.919471727962838e-05,-0.000244233973254661,0.0004148268989781389,0.293,1000,
L05,S8-N,P,0.09935984202007668,9.998762228276159e-05,-0.00023041519053707655,0.0004007596383869693,0.263,1000,
L05,S8-N,R,0.10291183576004699,0.0036519813323323343,0.002791416236998495,0.004426365772378818,0.0,1000,
